Com_Code,Name,FishD_Com
190303.00000000000,Santepheap,1.24000000000
190305.00000000000,Thma Kaev,8.43000000000
220403.00000000000,Kriel,0.15000000000
130306.00000000000,Kantuot,0.23000000000
220502.00000000000,,0.17000000000
220104.00000000000,,1.43000000000
190301.00000000000,Preaek Meas,2.58000000000
220103.00000000000,,1.21000000000
220101.00000000000,,0.61000000000
130302.00000000000,Tuek Kraham,1.40000000000
10701.00000000000,Banteay Chhmar,1.04000000000
130305.00000000000,Yeang,1.16000000000
160802.00000000000,Ta Veaeng Kraom,2.98000000000
160905.00000000000,Kaoh Pang,4.75000000000
160801.00000000000,Ta Veaeng Leu,5.56000000000
160910.00000000000,Veun Sai,0.46000000000
160907.00000000000,Kok Lak,2.36000000000
220404.00000000000,Samraong,0.25000000000
220402.00000000000,Bos Sbov,1.97000000000
130303.00000000000,Pring Thum,0.56000000000
130207.00000000000,Kampong Sralau Muoy,4.98000000000
190302.00000000000,Sekong,13.23000000000
160103.00000000000,Nhang,0.22000000000
220302.00000000000,Chong Kal,0.88000000000
220303.00000000000,Krasang,0.26000000000
130406.00000000000,Srayang,0.15000000000
190304.00000000000,Srae Sambour,5.84000000000
160906.00000000000,Kaoh Peak,3.00000000000
130208.00000000000,Kampong Sralau Pir,7.87000000000
130202.00000000000,Chhaeb Pir,2.30000000000
160104.00000000000,Ta Lav,2.67000000000
10704.00000000000,Thma Puok,0.15000000000
220301.00000000000,Cheung Tien,0.74000000000
10301.00000000000,Nam Tau,0.99000000000
160908.00000000000,Pa Kalan,1.14000000000
160904.00000000000,Ka Choun,1.27000000000
130402.00000000000,Kuleaen Cheung,2.99000000000
160901.00000000000,Ban Pong,2.25000000000
171206.00000000000,Slaeng Spean,0.58000000000
10302.00000000000,Paoy Char,3.93000000000
171405.00000000000,Varin,0.13000000000
171402.00000000000,Lvea Krang,0.90000000000
171403.00000000000,Srae Nouy,0.17000000000
160909.00000000000,Phnum Kok,2.79000000000
10303.00000000000,Ponley,2.37000000000
130403.00000000000,Thmei,2.14000000000
190508.00000000000,Preah Rumkel,18.11000000000
130703.00000000000,Chhean Mukh,0.36000000000
190507.00000000000,Ou Svay,8.29000000000
190404.00000000000,Sameakki,6.65000000000
160101.00000000000,Malik,0.17000000000
160605.00000000000,Ou Chum,0.19000000000
171202.00000000000,Klang Hay,1.89000000000
190107.00000000000,Ta Lat,5.22000000000
160903.00000000000,Hat Pak,3.61000000000
171205.00000000000,Prei,1.98000000000
190505.00000000000,Anlong Chrey,0.20000000000
130201.00000000000,Chhaeb Muoy,0.26000000000
160706.00000000000,Saom Thum,0.25000000000
10803.00000000000,Sla Kram,0.43000000000
10808.00000000000,Roluos,0.29000000000
190105.00000000000,Sdau,14.70000000000
190104.00000000000,Samkhuoy,9.58000000000
190106.00000000000,Srae Kor,19.16000000000
10306.00000000000,Phnum Dei,0.28000000000
130701.00000000000,Kampong Pranak,0.51000000000
130401.00000000000,Kuleaen Tboung,2.75000000000
10509.00000000000,,0.28000000000
160705.00000000000,Sesant,2.06000000000
171203.00000000000,Tram Sasar,1.05000000000
10802.00000000000,Sarongk,0.12000000000
10805.00000000000,Ta Baen,0.12000000000
10305.00000000000,Srah Chik,0.47000000000
130206.00000000000,Mlu Prey Pir,1.37000000000
10304.00000000000,Spean Sraeng,4.82000000000
190504.00000000000,Kaoh Snaeng,14.06000000000
171305.00000000000,Ta Siem,0.18000000000
160203.00000000000,Yeak Laom,0.59000000000
10507.00000000000,Soengh,0.19000000000
10407.00000000000,Tean Kam,0.89000000000
190103.00000000000,Phluk,8.41000000000
10504.00000000000,Nimitt,0.67000000000
10402.00000000000,Chob Veari,0.12000000000
170107.00000000000,Ta Saom,0.24000000000
10501.00000000000,Changha,0.93000000000
10604.00000000000,Mkak,2.84000000000
130603.00000000000,Phnum Tbaeng Muoy,1.79000000000
160707.00000000000,Ya Tung,0.32000000000
160405.00000000000,Trapeang Chres,1.79000000000
10502.00000000000,Koub,0.98000000000
170601.00000000000,Chonloas Dai,0.34000000000
10406.00000000000,Rohal,8.20000000000
170610.00000000000,Ta an,3.03000000000
10408.00000000000,Tuek Chour,2.65000000000
10401.00000000000,Chhnuor Mean Chey,1.65000000000
10602.00000000000,Kampong Svay,0.33000000000
130101.00000000000,S'ang,0.31000000000
130106.00000000000,Putrea,5.20000000000
10403.00000000000,Phnum Lieb,8.85000000000
10606.00000000000,Phniet,8.57000000000
190511.00000000000,Thala,7.59000000000
170605.00000000000,Roung Kou,0.15000000000
130509.00000000000,Reaksa,5.84000000000
10405.00000000000,Preah Netr Preah,6.03000000000
10607.00000000000,Preah Ponlea,0.32000000000
170602.00000000000,Kampong Thkov,0.24000000000
170711.00000000000,Prey Chruk,2.30000000000
190506.00000000000,Ou Rai,4.50000000000
10608.00000000000,Tuek Thla,0.50000000000
10905.00000000000,,0.18000000000
190102.00000000000,Kbal Romeas,7.66000000000
170715.00000000000,Trei Nhoar,0.94000000000
10605.00000000000,Ou Ambel,0.25000000000
160506.00000000000,Seda,2.86000000000
10503.00000000000,Kuttasat,1.85000000000
10603.00000000000,Kaoh Pong Satv,13.79000000000
170609.00000000000,Sranal,5.23000000000
170603.00000000000,Kralanh,4.09000000000
10505.00000000000,Samraong,2.39000000000
170712.00000000000,Reul,0.73000000000
10906.00000000000,,0.39000000000
10205.00000000000,Koy Maeng,10.25000000000
170204.00000000000,Svay Chek,0.23000000000
160401.00000000000,Serei Mongkol,18.58000000000
10209.00000000000,Ruessei Kraok,0.87000000000
190101.00000000000,Kampun,3.68000000000
10404.00000000000,Prasat,15.48000000000
10202.00000000000,Bat Trang,6.29000000000
170701.00000000000,Sasar Sdam,3.58000000000
190402.00000000000,Sarh Ruessei,1.18000000000
170202.00000000000,Leang Dai,0.22000000000
170404.00000000000,Khvav,0.12000000000
10213.00000000000,Ta Lam,3.40000000000
170606.00000000000,Sambuor,19.48000000000
190403.00000000000,Preah Bat,4.10000000000
170304.00000000000,Rumchek,0.59000000000
10201.00000000000,Banteay Neang,1.37000000000
190401.00000000000,Stueng Traeng,0.31000000000
160501.00000000000,Chey Otdam,5.91000000000
10208.00000000000,Rohat Tuek,4.63000000000
170707.00000000000,Lvea,4.09000000000
170702.00000000000,Doun Kaev,0.90000000000
160402.00000000000,Srae Angkrong,7.83000000000
10212.00000000000,Srah Reang,0.95000000000
190203.00000000000,Kaoh Sralau,10.80000000000
170708.00000000000,Mukh Paen,5.00000000000
10206.00000000000,Ou Prasat,0.18000000000
10203.00000000000,Chamnaom,2.39000000000
170305.00000000000,Run Ta Aek,0.17000000000
10204.00000000000,Kouk Ballangk,7.83000000000
130505.00000000000,Rik Reay,0.54000000000
10211.00000000000,Soea,0.37000000000
10210.00000000000,Sambuor,24.81000000000
190503.00000000000,Kang Cham,3.64000000000
130506.00000000000,Ruos Roan,3.74000000000
171108.00000000000,Popel,0.11000000000
130605.00000000000,Ronak Ser,0.23000000000
190206.00000000000,Siem Bouk,6.60000000000
170710.00000000000,Puok,0.53000000000
171003.00000000000,Kouk Chak,0.20000000000
190202.00000000000,Kaoh Sampeay,19.44000000000
170705.00000000000,Khnat,0.33000000000
60602.00000000000,Dang Kambet,3.44000000000
130501.00000000000,Robieb,0.61000000000
170714.00000000000,Tuek Vil,0.19000000000
10207.00000000000,Phnum Touch,1.70000000000
170901.00000000000,Ampil,0.15000000000
170713.00000000000,Samraong Yea,1.26000000000
170709.00000000000,Pou Treay,74.20000000000
170406.00000000000,Kouk Thlok Leu,0.24000000000
190207.00000000000,Srae Krasang,5.15000000000
20404.00000000000,Prey Khpos,0.58000000000
110203.00000000000,Roya,0.41000000000
20207.00000000000,Boeng Pring,1.77000000000
130507.00000000000,Rotanak,1.22000000000
100406.00000000000,Roluos Mean Chey,1.27000000000
190205.00000000000,Ou Ruessei Kandal,0.31000000000
130503.00000000000,Rohas,0.79000000000
170704.00000000000,Kaev Poar,13.28000000000
171010.00000000000,Srangae,0.59000000000
20206.00000000000,Chrouy Sdau,1.15000000000
20506.00000000000,Prey Chas,57.19000000000
170706.00000000000,Krabei Riel,1.06000000000
170902.00000000000,Bakong,0.18000000000
20403.00000000000,Lvea,0.20000000000
110202.00000000000,Ou Buon Leu,0.88000000000
100405.00000000000,Ou Krieng,6.35000000000
20202.00000000000,Ta Meun,3.84000000000
170906.00000000000,Kandaek,0.43000000000
171008.00000000000,Sambuor,0.47000000000
130512.00000000000,Romoniy,0.67000000000
171006.00000000000,Chreav,0.28000000000
20507.00000000000,Kaoh Chiveang,51.12000000000
20201.00000000000,Ta Pung,2.88000000000
130504.00000000000,Rung Roeang,2.58000000000
190201.00000000000,Kaoh Preah,24.28000000000
170410.00000000000,Ruessei Lok,4.34000000000
170908.00000000000,Roluos,0.82000000000
190204.00000000000,Ou Mreah,14.48000000000
110201.00000000000,Nang Khi Loek,6.17000000000
171009.00000000000,Siem Reab,2.51000000000
170909.00000000000,Trapeang Thum,1.84000000000
20209.00000000000,Bansay Traeng,0.81000000000
170907.00000000000,Mean Chey,7.73000000000
20208.00000000000,Kouk Khmum,0.87000000000
60604.00000000000,Mean Ritth,0.27000000000
171106.00000000000,Khchas,1.23000000000
20401.00000000000,Bavel,0.29000000000
170904.00000000000,Kampong Phluk,51.27000000000
171102.00000000000,Dam Daek,0.14000000000
20505.00000000000,Peam Aek,3.90000000000
20501.00000000000,Preaek Norint,9.20000000000
60808.00000000000,Popok,0.11000000000
170411.00000000000,Sangvaeuy,4.36000000000
20504.00000000000,Preaek Luong,7.67000000000
171103.00000000000,Dan Run,8.25000000000
171105.00000000000,Kien Sangkae,3.02000000000
20803.00000000000,Ta Pon,6.17000000000
170405.00000000000,Kouk Thlok Kraom,1.25000000000
20406.00000000000,Kdol,0.69000000000
60607.00000000000,Sandan,2.05000000000
100401.00000000000,Boeng Char,13.80000000000
20203.00000000000,Ou Ta Ki,1.87000000000
60606.00000000000,Ngan,1.77000000000
20503.00000000000,Preaek Khpob,2.94000000000
170403.00000000000,Kampong Kdei,0.31000000000
171104.00000000000,Kampong Khleang,53.37000000000
20306.00000000000,Kdol Doun Teav,0.26000000000
20804.00000000000,Roka,4.96000000000
20502.00000000000,Samraong Knong,1.24000000000
20204.00000000000,Chrey,0.38000000000
20305.00000000000,Sla Kaet,1.44000000000
170407.00000000000,Lveaeng Ruessei,4.42000000000
20108.00000000000,Ta Kream,1.58000000000
20805.00000000000,Kampong Preah,3.45000000000
20304.00000000000,Chamkar Samraong,0.13000000000
60605.00000000000,Mean Chey,5.54000000000
60809.00000000000,Pralay,1.21000000000
20802.00000000000,Norea,5.65000000000
20303.00000000000,Rotanak,0.19000000000
60405.00000000000,Sala Visai,0.18000000000
170412.00000000000,Spean Tnaot,1.47000000000
20701.00000000000,Traeng,0.15000000000
60813.00000000000,Trea,2.46000000000
60403.00000000000,Phan Nheum,0.17000000000
170402.00000000000,Chi Kraeng,7.08000000000
60407.00000000000,Tuol Kreul,0.24000000000
20801.00000000000,Anlong Vil,0.71000000000
60406.00000000000,Sameakki,2.29000000000
20605.00000000000,Chrey,4.11000000000
20307.00000000000,Ou Mal,0.12000000000
20302.00000000000,Preaek Preah Sdach,0.27000000000
60601.00000000000,Chheu Teal,4.63000000000
20308.00000000000,Voat Kor,0.29000000000
20809.00000000000,Ou Dambang Pir,0.58000000000
20808.00000000000,Ou Dambang Muoy,0.43000000000
170401.00000000000,Anlong Samnar,26.84000000000
20806.00000000000,Kampong Pring,2.46000000000
20810.00000000000,Voat Ta Muem,1.83000000000
60401.00000000000,Doung,3.21000000000
110204.00000000000,Sokh Sant,0.28000000000
60608.00000000000,Sochet,0.68000000000
20107.00000000000,Snoeng,0.16000000000
60503.00000000000,Sambour,2.71000000000
60804.00000000000,Kampong Chen Cheung,4.60000000000
150105.00000000000,Ou Ta Paong,4.70000000000
60801.00000000000,Banteay Stoung,0.85000000000
60603.00000000000,Klaeng,6.75000000000
20807.00000000000,Reang Kesei,0.76000000000
20606.00000000000,Ta Loas,3.31000000000
60501.00000000000,Chhuk,6.19000000000
60810.00000000000,Preah Damrei,0.63000000000
60202.00000000000,Damrei Slab,1.11000000000
20608.00000000000,Prey Touch,4.66000000000
100404.00000000000,Kaoh Khnhaer,3.67000000000
20704.00000000000,Sdau,0.17000000000
60806.00000000000,Msar Krang,11.52000000000
60502.00000000000,Koul,4.16000000000
60811.00000000000,Rung Roeang,1.86000000000
60805.00000000000,Kampong Chen Tboung,2.57000000000
20607.00000000000,Kakaoh,2.42000000000
150104.00000000000,Me Tuek,10.42000000000
100402.00000000000,Kampong Cham,5.00000000000
60812.00000000000,Samprouch,8.55000000000
60803.00000000000,Chamnar Leu,7.17000000000
20105.00000000000,Chaeng Mean Chey,0.44000000000
21301.00000000000,,0.32000000000
60802.00000000000,Chamnar Kraom,7.20000000000
60807.00000000000,Peam Bang,32.04000000000
60504.00000000000,Sraeung,0.59000000000
60208.00000000000,Tbaeng,5.47000000000
20702.00000000000,Andaeuk Haeb,0.24000000000
60209.00000000000,Trapeang Ruessei,2.15000000000
60207.00000000000,San Kor,5.38000000000
150101.00000000000,Boeng Bat Kandaol,2.40000000000
60505.00000000000,Tang Krasau,4.10000000000
150107.00000000000,Snam Preah,0.93000000000
20604.00000000000,Ruessei Krang,1.92000000000
21303.00000000000,,0.19000000000
20602.00000000000,Kear,0.33000000000
150206.00000000000,Srae Sdok,4.50000000000
150206.00000000000,Srae Sdok,4.50000000000
150206.00000000000,Srae Sdok,4.50000000000
150206.00000000000,Srae Sdok,4.50000000000
150206.00000000000,Srae Sdok,4.50000000000
21302.00000000000,,0.30000000000
150206.00000000000,Srae Sdok,4.50000000000
150206.00000000000,Srae Sdok,4.50000000000
150206.00000000000,Srae Sdok,4.50000000000
150206.00000000000,Srae Sdok,4.50000000000
60701.00000000000,Boeng Lvea,2.45000000000
150206.00000000000,Srae Sdok,4.50000000000
60204.00000000000,Kampong Svay,3.64000000000
150206.00000000000,Srae Sdok,4.50000000000
60705.00000000000,Kraya,0.14000000000
100407.00000000000,Sambour,3.42000000000
100408.00000000000,Sandan,2.84000000000
20603.00000000000,Prey Svay,0.25000000000
100212.00000000000,Sambok,2.36000000000
150208.00000000000,Sya,6.01000000000
150208.00000000000,Sya,6.01000000000
100202.00000000000,Changkrang,0.16000000000
150108.00000000000,Svay Doun Kaev,3.65000000000
21306.00000000000,,0.59000000000
110101.00000000000,Chong Phlah,0.96000000000
150102.00000000000,Boeng Khnar,0.41000000000
150208.00000000000,Sya,6.01000000000
60709.00000000000,Ti Pou,0.13000000000
100410.00000000000,Voadthonak,6.77000000000
60206.00000000000,Phat Sanday,54.33000000000
60203.00000000000,Kampong Kou,31.29000000000
150208.00000000000,Sya,6.01000000000
60309.00000000000,achar Leak,0.30000000000
60308.00000000000,Prey Ta Hu,0.12000000000
150208.00000000000,Sya,6.01000000000
150208.00000000000,Sya,6.01000000000
60307.00000000000,Prey Kuy,5.09000000000
60305.00000000000,Kdei Doung,9.93000000000
150208.00000000000,Sya,6.01000000000
150208.00000000000,Sya,6.01000000000
150208.00000000000,Sya,6.01000000000
100302.00000000000,Chrouy Banteay,2.56000000000
60311.00000000000,Tboung Krapeu,4.55000000000
150208.00000000000,Sya,6.01000000000
100215.00000000000,Thmei,0.57000000000
60306.00000000000,Kampong Krabau,5.87000000000
60303.00000000000,Kampong Roteh,0.31000000000
60301.00000000000,Damrei Choan Khla,1.15000000000
150203.00000000000,Kandieng,3.43000000000
60302.00000000000,Kampong Thum,0.34000000000
60304.00000000000,Ou Kanthor,13.76000000000
150306.00000000000,Kampong Pou,5.13000000000
150204.00000000000,Kanhchor,11.70000000000
60704.00000000000,Kakaoh,2.57000000000
60310.00000000000,Srayov,6.81000000000
150502.00000000000,Kaoh Chum,0.59000000000
60702.00000000000,Chroab,1.67000000000
110502.00000000000,Sokh Dom,1.44000000000
150308.00000000000,Ou Sandan,6.45000000000
150309.00000000000,Sna Ansa,3.06000000000
150207.00000000000,Svay Luong,1.61000000000
150110.00000000000,Trapeang Chong,0.15000000000
150103.00000000000,Khnar Totueng,0.35000000000
60708.00000000000,Tang Krasang,6.57000000000
150201.00000000000,Anlong Vil,5.00000000000
100203.00000000000,Dar,2.39000000000
40404.00000000000,Phlov Tuk,51.47000000000
150301.00000000000,Anlong Tnaot,0.62000000000
60703.00000000000,Kampong Thma,2.45000000000
100205.00000000000,Kou Loab,0.13000000000
60707.00000000000,Prasat,2.03000000000
60701.00000000000,Boeng Lvea,2.45000000000
150307.00000000000,Kbal Trach,3.89000000000
150209.00000000000,Veal,0.80000000000
100214.00000000000,Thma Kreae,1.79000000000
150109.00000000000,Ta Lou,0.17000000000
150303.00000000000,Boeng Kantuot,4.71000000000
40401.00000000000,Chranouk,8.57000000000
150202.00000000000,Banteay Dei,0.60000000000
150302.00000000000,Ansa Chambak,6.34000000000
40102.00000000000,Chhnok Tru,45.75000000000
40102.00000000000,Chhnok Tru,45.75000000000
60105.00000000000,Chaeung Daeung,0.23000000000
150302.00000000000,Ansa Chambak,6.34000000000
60706.00000000000,Pnov,12.03000000000
100307.00000000000,Saob,3.79000000000
100208.00000000000,Krakor,2.47000000000
60117.00000000000,Tnaot Chum,7.75000000000
150503.00000000000,Lolok Sa,0.38000000000
60101.00000000000,Bak Sna,0.79000000000
40102.00000000000,Chhnok Tru,45.75000000000
150506.00000000000,Roleab,0.31000000000
60111.00000000000,Krava,1.02000000000
100207.00000000000,Kaoh Trong,4.27000000000
100210.00000000000,Ou Ruessei,0.68000000000
150311.00000000000,Tnaot Chum,0.12000000000
40102.00000000000,Chhnok Tru,45.75000000000
40102.00000000000,Chhnok Tru,45.75000000000
100505.00000000000,Svay Chreah,0.26000000000
40102.00000000000,Chhnok Tru,45.75000000000
40406.00000000000,Pralay Meas,23.55000000000
150501.00000000000,Chamraeun Phal,0.96000000000
60102.00000000000,Ballangk,0.87000000000
150407.00000000000,Samraong,0.79000000000
31514.00000000000,Tuol Sambuor,1.54000000000
40406.00000000000,Pralay Meas,23.55000000000
100204.00000000000,Kantuot,1.40000000000
40111.00000000000,Trapeang Chan,12.36000000000
100209.00000000000,Kracheh,1.12000000000
60108.00000000000,Chong Doung,2.27000000000
31506.00000000000,Ou Mlu,0.12000000000
31503.00000000000,Dang Kdar,0.40000000000
60110.00000000000,Kokir Thum,0.13000000000
40103.00000000000,Chak,2.55000000000
40104.00000000000,Khon Rang,5.19000000000
40105.00000000000,Kampong Preah Kokir,30.09000000000
100211.00000000000,Roka Kandal,1.71000000000
40104.00000000000,Khon Rang,5.19000000000
100301.00000000000,Chambak,3.00000000000
100305.00000000000,Preaek Prasab,4.75000000000
100306.00000000000,Ruessei Kaev,5.06000000000
110302.00000000000,Saen Monourom,0.26000000000
40402.00000000000,Dar,3.65000000000
40110.00000000000,Ponley,0.22000000000
150404.00000000000,Prongil,0.12000000000
100201.00000000000,Bos Leav,18.92000000000
100213.00000000000,Thma Andaeuk,3.77000000000
40105.00000000000,Kampong Preah Kokir,30.09000000000
31501.00000000000,areaks Tnaot,0.76000000000
40107.00000000000,Phsar,0.35000000000
60104.00000000000,Boeng,0.47000000000
40109.00000000000,Popel,0.22000000000
60103.00000000000,Baray,5.19000000000
40106.00000000000,Melum,2.33000000000
60107.00000000000,Chhuk Khsach,0.17000000000
40405.00000000000,Pou,8.08000000000
31504.00000000000,Khpob Ta Nguon,7.26000000000
100206.00000000000,Kaoh Chraeng,7.45000000000
100501.00000000000,Khsuem,1.17000000000
150605.00000000000,,0.74000000000
100308.00000000000,Ta Mau,18.31000000000
100303.00000000000,Kampong Kor,7.32000000000
40407.00000000000,Samraong Saen,33.91000000000
30202.00000000000,Chamkar Andoung,0.18000000000
150402.00000000000,Leach,0.12000000000
40101.00000000000,Anhchanh Rung,1.50000000000
30205.00000000000,Spueu,0.13000000000
31510.00000000000,Preaek Kak,0.89000000000
60118.00000000000,Treal,0.86000000000
40408.00000000000,Svay Rumpear,3.04000000000
40612.00000000000,Svay Chrum,6.37000000000
100105.00000000000,Kanhchor,2.28000000000
40608.00000000000,Prasneb,0.24000000000
150405.00000000000,Rokat,0.35000000000
31507.00000000000,Peam Kaoh Sna,18.41000000000
40409.00000000000,Trangel,1.30000000000
31508.00000000000,Preah Andoung,15.86000000000
60115.00000000000,Sralau,5.12000000000
40602.00000000000,Banteay Preal,3.68000000000
40301.00000000000,Phsar Chhnang,13.80000000000
40304.00000000000,Khsam,0.80000000000
110104.00000000000,Srae Khtum,0.15000000000
40403.00000000000,Kampong hau,32.31000000000
30905.00000000000,Krouch Chhmar,3.30000000000
40607.00000000000,Pongro,0.28000000000
40204.00000000000,Peam Chhkaok,31.71000000000
100108.00000000000,Preaek Saman,3.48000000000
60109.00000000000,Chrolong,1.03000000000
30911.00000000000,Trea,7.28000000000
30910.00000000000,Svay Khleang,4.78000000000
100304.00000000000,Kaoh Ta Suy,20.70000000000
30907.00000000000,Peus Pir,2.59000000000
60113.00000000000,Pongro,1.65000000000
100101.00000000000,Chhloung,2.96000000000
30906.00000000000,Peus Muoy,4.71000000000
31513.00000000000,Tuol Preah Khleang,5.45000000000
40302.00000000000,Kampong Chhnang,0.85000000000
60114.00000000000,Sou Young,0.71000000000
100103.00000000000,Han Chey,2.52000000000
30111.00000000000,Trab,3.05000000000
100107.00000000000,Pongro,2.85000000000
100106.00000000000,Khsach Andaet,7.18000000000
30909.00000000000,Roka Khnaor,2.70000000000
30902.00000000000,Chumnik,6.21000000000
100102.00000000000,Damrei Phong,0.34000000000
40203.00000000000,Kampong Os,33.72000000000
40606.00000000000,Krang Leav,0.26000000000
60116.00000000000,Svay Phleung,0.67000000000
30108.00000000000,Sandaek,0.10000000000
30908.00000000000,Preaek a Chi,7.38000000000
30901.00000000000,Chhuk,1.28000000000
30305.00000000000,Pring Chrum,0.43000000000
40604.00000000000,Chrey Bak,0.65000000000
31509.00000000000,Preaek Bak,8.76000000000
30405.00000000000,Seda,0.69000000000
30306.00000000000,Sampong Chey,0.12000000000
30912.00000000000,Tuol Snuol,2.33000000000
31302.00000000000,Boeng Nay,0.13000000000
100503.00000000000,Snuol,0.11000000000
40605.00000000000,Kouk Banteay,13.27000000000
40205.00000000000,Prey Kri,14.87000000000
30407.00000000000,Trapeang Pring,0.26000000000
100104.00000000000,Kampong Damrei,1.67000000000
40201.00000000000,Chol Sar,28.07000000000
31313.00000000000,Thma Pun,0.13000000000
40601.00000000000,Andoung Snay,0.14000000000
40610.00000000000,Rolea B'ier,0.18000000000
30613.00000000000,Srak,1.09000000000
30904.00000000000,Kaoh Pir,2.09000000000
30602.00000000000,Han Chey,2.60000000000
31011.00000000000,Rumchek,0.29000000000
30903.00000000000,Kampong Treas,11.35000000000
40603.00000000000,Cheung Kreav,0.36000000000
40202.00000000000,Kaoh,22.69000000000
100502.00000000000,Pir Thnu,0.51000000000
31615.00000000000,Peam Chileang,6.21000000000
31616.00000000000,Roka Po Pram,0.46000000000
30612.00000000000,Rumchek,7.12000000000
40613.00000000000,Tuek Hout,10.38000000000
30603.00000000000,Kien Chrey,15.33000000000
40508.00000000000,Saeb,2.45000000000
90701.00000000000,Ta Tey Leu,7.19000000000
30614.00000000000,Trean,4.19000000000
30110.00000000000,Tang Krasang,1.43000000000
30607.00000000000,Kaoh Samraong,6.56000000000
30112.00000000000,Tumnob,0.21000000000
31621.00000000000,Thma Pechr,0.36000000000
30309.00000000000,Srama,0.21000000000
30303.00000000000,Phdau Chum,7.08000000000
30302.00000000000,Kouk Rovieng,0.13000000000
31304.00000000000,Khvet Thum,0.45000000000
30308.00000000000,Soutip,4.80000000000
30301.00000000000,Khnaor Dambang,1.42000000000
30104.00000000000,Cheung Prey,0.68000000000
40501.00000000000,Ampil Tuek,22.70000000000
31602.00000000000,Boeng Pruol,5.48000000000
31303.00000000000,Chrey Vien,0.39000000000
30611.00000000000,Ro'ang,4.25000000000
31312.00000000000,Srangae,0.15000000000
31307.00000000000,Lvea,1.77000000000
30105.00000000000,Me Pring,1.44000000000
40509.00000000000,Ta Ches,2.79000000000
31308.00000000000,Mien,2.76000000000
30304.00000000000,Prey Char,4.72000000000
30615.00000000000,Vihear Thum,9.12000000000
31311.00000000000,Samraong,3.08000000000
40702.00000000000,Khnar Chhmar,0.67000000000
30106.00000000000,Ph'av,0.10000000000
40803.00000000000,Chaong Maong,0.17000000000
31006.00000000000,Kampoan,0.22000000000
31314.00000000000,Tong Rong,2.56000000000
30601.00000000000,Ampil,0.12000000000
40808.00000000000,Tuol Khpos,1.11000000000
31605.00000000000,Chirou Muoy,7.68000000000
90501.00000000000,Bak Khlang,12.45000000000
30706.00000000000,Preaek Krabau,5.93000000000
31612.00000000000,Kor,0.45000000000
31606.00000000000,Chirou Pir,4.47000000000
30501.00000000000,Boeng Kok,1.78000000000
40804.00000000000,Kbal Tuek,0.71000000000
30101.00000000000,Batheay,9.11000000000
31622.00000000000,Tonle Bet,6.56000000000
30707.00000000000,Reay Pay,12.73000000000
30711.00000000000,Sour Kong,2.55000000000
40503.00000000000,Chres,0.54000000000
30709.00000000000,Roka Koy,4.00000000000
30503.00000000000,Sambuor Meas,1.42000000000
30701.00000000000,Angkor Ban,6.14000000000
30606.00000000000,Kaoh Roka,3.54000000000
30605.00000000000,Kaoh Mitt,3.10000000000
30604.00000000000,Kokor,8.32000000000
30102.00000000000,Chbar Ampov,19.52000000000
31007.00000000000,Memong,0.24000000000
40709.00000000000,Thlok Vien,0.11000000000
31004.00000000000,Choam Ta Mau,0.17000000000
40504.00000000000,Kampong Tralach,17.71000000000
31613.00000000000,Lngieng,0.11000000000
30705.00000000000,Preaek Koy,6.98000000000
30704.00000000000,Peam Chi Kang,2.74000000000
40506.00000000000,Ou Ruessei,0.67000000000
30703.00000000000,Khchau,2.76000000000
30802.00000000000,Kaoh Soutin,9.11000000000
30608.00000000000,Kaoh Tontuem,6.07000000000
31411.00000000000,Ruessei Srok,0.81000000000
90702.00000000000,Pralay,3.88000000000
30103.00000000000,Chealea,3.14000000000
31413.00000000000,Svay Sach Phnum,0.78000000000
31404.00000000000,Kaoh  Andaet,0.87000000000
30805.00000000000,Moha Khnhoung,1.64000000000
30107.00000000000,Sambour,0.71000000000
30801.00000000000,Kampong Reab,4.25000000000
30808.00000000000,Preaek Ta Nong,8.68000000000
31410.00000000000,Preaek Rumdeng,3.55000000000
40705.00000000000,Sedthei,0.16000000000
31408.00000000000,Preaek Dambouk,4.73000000000
40505.00000000000,Longveaek,0.76000000000
31107.00000000000,Preah Theat,1.27000000000
30806.00000000000,Peam Prathnuoh,2.86000000000
30702.00000000000,Kang Ta Noeng,0.58000000000
30708.00000000000,Roka ar,1.01000000000
31106.00000000000,Peam Cheang,0.15000000000
30807.00000000000,Pongro,3.19000000000
30710.00000000000,Sdau,4.23000000000
31406.00000000000,Pteah Kandal,1.11000000000
80905.00000000000,Kaoh Chen,11.29000000000
31401.00000000000,Baray,3.05000000000
30109.00000000000,Tang Krang,2.52000000000
40707.00000000000,Svay Chuk,2.55000000000
80903.00000000000,Kampong Luong,6.06000000000
30803.00000000000,Lve,7.08000000000
31604.00000000000,Chikor,0.64000000000
80707.00000000000,Roka Kaong Muoy,4.51000000000
80711.00000000000,Svay Ampear,14.64000000000
31008.00000000000,Memot,0.17000000000
141207.00000000000,Preaek Changkran,3.27000000000
30804.00000000000,Moha Leaph,3.26000000000
40706.00000000000,Svay,0.16000000000
31206.00000000000,Kraek,0.16000000000
141204.00000000000,Pnov Ti Muoy,2.26000000000
50403.00000000000,Trapeang Chour,0.17000000000
80708.00000000000,Roka Kaong Pir,0.84000000000
31409.00000000000,Preaek Pou,1.67000000000
80317.00000000000,Ta Aek,2.82000000000
31405.00000000000,Mean Chey,0.84000000000
141210.00000000000,Rumlech,0.59000000000
31105.00000000000,Mien,3.35000000000
141203.00000000000,Lve,0.96000000000
31101.00000000000,Ampil Ta Pok,0.32000000000
80704.00000000000,Preaek Dambang,0.51000000000
80914.00000000000,Vihear Luong,0.27000000000
80304.00000000000,Kaoh Chouram,1.69000000000
31407.00000000000,Pram Yam,2.79000000000
80904.00000000000,Kampong Os,23.95000000000
31102.00000000000,Chak,0.32000000000
50511.00000000000,Veang Chas,0.17000000000
80710.00000000000,Sambuor Meas,12.95000000000
80911.00000000000,Phsar Daek,0.38000000000
31205.00000000000,Kaong Kang,0.10000000000
80316.00000000000,Svay Romiet,1.22000000000
50507.00000000000,Preah Srae,0.69000000000
141205.00000000000,Pnov Ti Pir,2.76000000000
50510.00000000000,Veal  Pung,0.13000000000
31412.00000000000,Svay Pou,0.60000000000
80907.00000000000,Ponhea Lueu,5.20000000000
80709.00000000000,Ruessei Chrouy,18.72000000000
140805.00000000000,Mesa Prachan,3.45000000000
140809.00000000000,Prey Sralet,1.16000000000
31203.00000000000,Kak,0.19000000000
80906.00000000000,Phnum Bat,1.09000000000
80306.00000000000,Preah Prasab,0.69000000000
31414.00000000000,Tong Tralach,0.13000000000
80913.00000000000,Tumnob Thum,0.56000000000
80703.00000000000,Preaek Anhchanh,2.48000000000
50802.00000000000,Monourom,0.12000000000
50804.00000000000,Prambei Mom,0.15000000000
31402.00000000000,Chi Bal,0.46000000000
80310.00000000000,Preaek Ta Meak,0.65000000000
141201.00000000000,Ampil Krau,0.11000000000
31208.00000000000,Trapeang Phlong,0.11000000000
80910.00000000000,Preaek Ta Teaen,7.48000000000
50404.00000000000,Sangkae Satob,0.13000000000
140802.00000000000,Kanhcham,0.17000000000
90704.00000000000,Ruessei Chrum,6.26000000000
80312.00000000000,Roka Chonlueng,1.82000000000
140405.00000000000,Kouk Kong Lech,0.23000000000
140404.00000000000,Kouk Kong Kaeut,0.42000000000
80302.00000000000,Chey Thum,0.28000000000
80902.00000000000,Chrey Loas,1.52000000000
80311.00000000000,Puk Ruessei,4.30000000000
80701.00000000000,Bak Khaeng,0.45000000000
140402.00000000000,Kanhchriech,0.21000000000
80313.00000000000,Sanlung,0.66000000000
140407.00000000000,Thma Pun,0.43000000000
80912.00000000000,Samraong,2.60000000000
140811.00000000000,Roka,0.74000000000
80702.00000000000,Kaoh Dach,0.50000000000
140807.00000000000,Prey Pnov,1.16000000000
80318.00000000000,Vihear Suork,1.32000000000
80901.00000000000,Chhveang,0.82000000000
140801.00000000000,Kampong Popil,1.29000000000
80314.00000000000,Sithor,2.61000000000
140204.00000000000,Krabau,0.12000000000
140406.00000000000,Preal,0.12000000000
140810.00000000000,Reab,0.14000000000
90703.00000000000,Chumnoab,3.12000000000
80307.00000000000,Preaek Ampil,1.70000000000
80908.00000000000,Ponhea Pon,0.64000000000
80303.00000000000,Kampong Chamlang,3.92000000000
120709.00000000000,Preaek Ta Sek,16.32000000000
120708.00000000000,Preaek Lieb,0.32000000000
50502.00000000000,Cheung Roas,0.12000000000
50513.00000000000,Damnak Reang,0.21000000000
120503.00000000000,Kouk Roka,0.87000000000
120703.00000000000,Svay Pak,1.26000000000
80305.00000000000,Kaoh Oknha Tei,1.84000000000
90401.00000000000,Smach Mean Chey,3.51000000000
80812.00000000000,Ponsang,0.22000000000
120701.00000000000,Khmuonh,0.50000000000
90303.00000000000,Ta Tai Kraom,10.43000000000
80816.00000000000,Tuol Prech,0.12000000000
80308.00000000000,Preaek Luong,1.14000000000
140203.00000000000,Kranhung,0.83000000000
140808.00000000000,Prey Sniet,0.42000000000
80602.00000000000,Barong,23.61000000000
90304.00000000000,Trapeang Rung,10.41000000000
120711.00000000000,Chrang Chamreh Muoy,1.47000000000
120712.00000000000,Chrang Chamreh Pir,1.24000000000
140803.00000000000,Kampong Prang,2.02000000000
120704.00000000000,Kiloumaetr Lekh Pram,0.30000000000
50505.00000000000,Krang Chek,0.26000000000
50514.00000000000,Peang Lvea,0.37000000000
80309.00000000000,Preaek Ta Kov,3.91000000000
90605.00000000000,Dang Peaeng,2.20000000000
80301.00000000000,Bak Dav,4.96000000000
141002.00000000000,Chea Khlang,1.52000000000
90402.00000000000,Dang Tong,18.15000000000
140804.00000000000,Kampong Ruessei,0.37000000000
90403.00000000000,Stueng Veaeng,12.58000000000
141010.00000000000,Svay Antor,0.32000000000
120710.00000000000,Chrouy Changva,1.25000000000
80815.00000000000,Snao,0.13000000000
120509.00000000000,Samraong Kraom,0.66000000000
80315.00000000000,Svay Chrum,0.80000000000
120705.00000000000,Phnom Penh Thmei,0.54000000000
141007.00000000000,Popueus,0.38000000000
141107.00000000000,Prey Kanlaong,3.13000000000
140206.00000000000,Smaong Cheung,0.11000000000
90503.00000000000,Tuol Kokir Leu,10.78000000000
80613.00000000000,Sarikakaev,9.74000000000
80609.00000000000,Preaek Kmeng,31.50000000000
141003.00000000000,Chrey,0.10000000000
141104.00000000000,Pou Rieng,0.11000000000
50703.00000000000,Khtum Krang,2.25000000000
140806.00000000000,Preaek Ta Sar,4.59000000000
80601.00000000000,Akreiy Ksatr,2.08000000000
80607.00000000000,Peam Oknha Ong,5.61000000000
90502.00000000000,Peam Krasaob,29.27000000000
120502.00000000000,Trapeang krasang,0.19000000000
141005.00000000000,Me Bon,0.78000000000
90603.00000000000,Chi Kha Leu,0.25000000000
80605.00000000000,Kaoh Reah,10.27000000000
80610.00000000000,Preaek Rey,18.45000000000
80212.00000000000,Veal Sbov,0.10000000000
141108.00000000000,Ta Kao,0.10000000000
80209.00000000000,Preaek Aeng,0.61000000000
80614.00000000000,Thma Kor,3.35000000000
80205.00000000000,Kbal Kaoh,0.13000000000
141105.00000000000,Preaek Anteah,7.71000000000
80208.00000000000,Phum Thum,2.55000000000
140207.00000000000,Smaong Tboung,0.44000000000
80608.00000000000,Phum Thum,13.40000000000
141004.00000000000,Damrei Puon,0.20000000000
120603.00000000000,Preaek Pra,1.35000000000
80615.00000000000,Tuek Khleang,5.11000000000
80206.00000000000,Kokir,1.42000000000
141102.00000000000,Cheung Tuek,0.43000000000
120501.00000000000,Dangkao,0.53000000000
120607.00000000000,Chak Angrae Kraom,0.57000000000
120510.00000000000,Prey Sa,0.11000000000
50201.00000000000,Chbar Mon,0.22000000000
80203.00000000000,Dei Edth,0.90000000000
141006.00000000000,Pean Roung,0.11000000000
120504.00000000000,Phleung Chheh Roteh,0.67000000000
90302.00000000000,Kaoh Kapi,48.71000000000
120515.00000000000,Cheung Aek,2.84000000000
120507.00000000000,Pong Tuek,0.15000000000
200409.00000000000,Kokir,0.23000000000
80603.00000000000,Boeng Krum,4.81000000000
200401.00000000000,Ampil,0.74000000000
80201.00000000000,Banteay Daek,1.65000000000
81103.00000000000,Daeum Mien,4.92000000000
141106.00000000000,Preaek Chrey,10.02000000000
80611.00000000000,Preaek Ruessei,17.83000000000
80202.00000000000,Chheu Teal,0.76000000000
120513.00000000000,Prateah Lang,1.47000000000
81102.00000000000,Preaek Ruessei,0.33000000000
141101.00000000000,Baray,1.42000000000
80606.00000000000,Lvea Sa,5.77000000000
80124.00000000000,Spean Thma,0.17000000000
81101.00000000000,Ta Kdol,0.69000000000
50701.00000000000,Roleang Chak,0.10000000000
141009.00000000000,Samraong,0.38000000000
81106.00000000000,Kampong Samnanh,0.35000000000
90301.00000000000,Chrouy Pras,43.38000000000
120514.00000000000,Sak Sampov,0.41000000000
200406.00000000000,Chrey Thum,0.30000000000
80114.00000000000,Preaek Kampis,0.51000000000
80106.00000000000,Daeum Rues,0.18000000000
81002.00000000000,Kaoh Anlong Chen,1.07000000000
81105.00000000000,Preaek Hour,4.10000000000
80204.00000000000,Kampong Svay,1.31000000000
81013.00000000000,Svay Rolum,0.84000000000
81011.00000000000,Setbou,0.54000000000
80211.00000000000,Samraong Thum,2.36000000000
80604.00000000000,Kaoh Kaev,1.27000000000
140708.00000000000,Prey Kandieng,1.27000000000
80612.00000000000,Sambuor,14.03000000000
50608.00000000000,Prey Rumduol,0.13000000000
90302.00000000000,Kaoh Kapi,48.71000000000
80102.00000000000,Anlong Romiet,0.15000000000
90803.00000000000,Ou Bak Roteh,0.34000000000
80105.00000000000,Cheung Kaeub,0.62000000000
81009.00000000000,Roka Khpos,3.65000000000
140504.00000000000,Prey Khnes,0.11000000000
141011.00000000000,Tuek Thla,0.16000000000
200408.00000000000,Kampong Trach,0.17000000000
90301.00000000000,Chrouy Pras,43.38000000000
50601.00000000000,Chambak,0.16000000000
140704.00000000000,Peam Mean Chey,6.10000000000
80107.00000000000,Kandaok,1.09000000000
81012.00000000000,Svay Prateal,3.87000000000
200402.00000000000,Andoung Pou,0.22000000000
80127.00000000000,Trapeang Veaeng,0.12000000000
140701.00000000000,Ba Baong,7.04000000000
140109.00000000000,Theay,0.78000000000
200412.00000000000,Mream,0.13000000000
50301.00000000000,Angk Popel,0.13000000000
140503.00000000000,Chi Phok,0.62000000000
80101.00000000000,Ampov Prey,1.66000000000
81015.00000000000,Traeuy Sla,4.35000000000
80116.00000000000,Preaek Slaeng,0.19000000000
81010.00000000000,S'ang Phnum,2.09000000000
80115.00000000000,Preaek Roka,0.76000000000
50306.00000000000,Prey Nheat,0.15000000000
81008.00000000000,Preaek Koy,1.40000000000
80104.00000000000,Boeng Khyang,2.56000000000
81006.00000000000,Prasat,44.49000000000
140101.00000000000,Boeng Preah,0.12000000000
80207.00000000000,Kokir Thum,2.92000000000
210208.00000000000,Lumpong,0.40000000000
210207.00000000000,Krang thnong,0.22000000000
210210.00000000000,Pot Sar,0.45000000000
210212.00000000000,Tang Doung,0.72000000000
140104.00000000000,Reaks Chey,1.56000000000
50302.00000000000,Chongruk,0.32000000000
140705.00000000000,Peam Ro,8.56000000000
81004.00000000000,Kaoh Khsach Tonlea,5.12000000000
81016.00000000000,Tuek Vil,8.23000000000
80501.00000000000,Kampong Phnum,2.53000000000
90203.00000000000,Preaek Khsach,37.44000000000
90802.00000000000,Kampong Seila,0.89000000000
81014.00000000000,Ta Lon,2.03000000000
90101.00000000000,Andoung Tuek,12.68000000000
210204.00000000000,Kandoeng,0.19000000000
140702.00000000000,Banlich Prasat,12.12000000000
81005.00000000000,Krang Yov,5.82000000000
140105.00000000000,Roung Damrei,1.40000000000
210211.00000000000,Souphi,0.11000000000
140706.00000000000,Preaek Khsay Ka,0.29000000000
210202.00000000000,Champei,1.00000000000
81003.00000000000,Kaoh Khael,1.82000000000
90102.00000000000,Kandaol,9.01000000000
210203.00000000000,Doung,0.21000000000
81001.00000000000,Khpob,2.05000000000
140102.00000000000,Cheung Phnum,0.15000000000
140703.00000000000,Neak Loeang,3.28000000000
140707.00000000000,Preaek Khsay Kha,0.38000000000
80506.00000000000,Preaek Tonloab,2.67000000000
140905.00000000000,Kampong Soeng,1.29000000000
81007.00000000000,Preaek Ambel,6.94000000000
210201.00000000000,Chambak,0.70000000000
80408.00000000000,Pouthi Ban,7.98000000000
80407.00000000000,Leuk Daek,26.70000000000
200513.00000000000,Svay Angk,0.21000000000
210604.00000000000,Char,0.76000000000
50307.00000000000,Prey Vihear,0.36000000000
200501.00000000000,Angk Ta Sou,0.16000000000
200309.00000000000,Svay Chek,0.22000000000
140607.00000000000,Preaek Krabau,1.77000000000
140910.00000000000,Rumchek,2.73000000000
140601.00000000000,Angkor Angk,7.13000000000
200517.00000000000,Thlok,1.30000000000
50104.00000000000,Pheakdei,0.23000000000
80505.00000000000,Preaek Dach,5.21000000000
210613.00000000000,Tang Yab,0.15000000000
210612.00000000000,Snao,0.63000000000
140311.00000000000,Prey Chhor,0.28000000000
80405.00000000000,Kaoh Thum Kha,0.48000000000
90202.00000000000,Phnhi Meas,20.86000000000
140906.00000000000,Krang Svay,0.33000000000
140610.00000000000,Svay Phluoh,2.79000000000
80404.00000000000,Kaoh Thum Ka,1.12000000000
210710.00000000000,Sla,0.78000000000
80403.00000000000,Kampong Kong,6.30000000000
140307.00000000000,Kampong Trabaek,2.82000000000
90602.00000000000,Chi Kha Kraom,10.21000000000
210610.00000000000,Prey Lvea,0.24000000000
70309.00000000000,,0.36000000000
210611.00000000000,Prey Phdau,0.37000000000
210606.00000000000,Kampong Reab,18.50000000000
80411.00000000000,Preaek Thmei,10.44000000000
140909.00000000000,Reathor,0.56000000000
210603.00000000000,Champa,0.48000000000
210708.00000000000,Samraong,0.19000000000
200708.00000000000,Romeang Thkaol,0.19000000000
200710.00000000000,Sangkhoar,0.20000000000
80504.00000000000,Peam Reang,4.13000000000
210703.00000000000,Cheung Kuon,0.61000000000
70404.00000000000,Srae Chaeng,0.11000000000
210602.00000000000,Ban Kam,0.64000000000
50107.00000000000,Pou Angkrang,0.10000000000
90601.00000000000,Boeng Preav,0.19000000000
70302.00000000000,,0.28000000000
200506.00000000000,Chek,0.42000000000
200505.00000000000,Ta Suos,0.21000000000
200709.00000000000,Sambuor,1.16000000000
210608.00000000000,Pou Rumchak,0.34000000000
210605.00000000000,Kampeaeng,0.27000000000
200704.00000000000,Monourom,1.99000000000
90103.00000000000,Ta Nuon,10.67000000000
90801.00000000000,Chamkar Luong,1.90000000000
80402.00000000000,Chrouy Ta Kaev,2.56000000000
140308.00000000000,Peam Montear,2.90000000000
210609.00000000000,Prey Kabbas,0.19000000000
80410.00000000000,Preaek Sdei,5.10000000000
210711.00000000000,Trea,0.91000000000
200701.00000000000,Chrak Mtes,0.22000000000
140602.00000000000,Kampong Prasat,5.84000000000
210104.00000000000,Ponley,2.65000000000
140603.00000000000,Kaoh Chek,0.60000000000
90104.00000000000,,25.28000000000
210902.00000000000,Cheang Tong,0.12000000000
200604.00000000000,Pou Ta Hao,0.77000000000
200601.00000000000,Svay Rieng,0.18000000000
80503.00000000000,Khpob ateav,5.87000000000
200504.00000000000,Chamlang,4.53000000000
200703.00000000000,Kandieng Reay,0.11000000000
210601.00000000000,Angkanh,2.57000000000
80409.00000000000,Preaek Chrey,14.55000000000
200515.00000000000,Svay Thum,0.17000000000
200210.00000000000,Svay Toea,3.27000000000
140606.00000000000,Krang Ta Yang,0.25000000000
210706.00000000000,Lumchang,1.83000000000
200603.00000000000,Koy Trabaek,0.17000000000
210102.00000000000,Ba Srae,1.75000000000
210106.00000000000,Prey Phkoam,15.35000000000
90604.00000000000,Chrouy Svay,17.15000000000
90202.00000000000,Phnhi Meas,20.86000000000
90202.00000000000,Phnhi Meas,20.86000000000
200511.00000000000,Kruos,0.10000000000
80401.00000000000,Chheu Khmau,7.05000000000
90201.00000000000,Kaoh Sdach,21.59000000000
90202.00000000000,Phnhi Meas,20.86000000000
200502.00000000000,Basak,4.26000000000
200101.00000000000,Bati,0.12000000000
200707.00000000000,Prasout,0.14000000000
200209.00000000000,Svay Ta Yean,0.22000000000
80412.00000000000,Sampov Lun,1.65000000000
210101.00000000000,Angkor Borei,3.79000000000
210912.00000000000,Ta Phem,0.11000000000
210802.00000000000,Roka Knong,0.43000000000
210801.00000000000,Baray,5.44000000000
80507.00000000000,Sandar,1.99000000000
140608.00000000000,Preaek Sambuor,0.67000000000
140302.00000000000,Cham,0.12000000000
200105.00000000000,Me Sa Thngak,0.32000000000
200207.00000000000,Samlei,0.10000000000
200208.00000000000,Samyaong,0.28000000000
210105.00000000000,Preaek Phtoul,6.35000000000
200205.00000000000,Prey Thum,0.12000000000
211009.00000000000,Sambuor,3.58000000000
211012.00000000000,Srangae,1.87000000000
210803.00000000000,Roka Krau,0.46000000000
90804.00000000000,Stueng Chhay,1.26000000000
90201.00000000000,Kaoh Sdach,21.59000000000
200203.00000000000,Ksetr,0.19000000000
140604.00000000000,Kaoh Roka,1.24000000000
140605.00000000000,Kaoh Sampov,1.03000000000
80502.00000000000,K'am Samnar,9.77000000000
210103.00000000000,Kouk Thlok,37.15000000000
200104.00000000000,Chres,3.07000000000
200201.00000000000,Banteay Krang,2.12000000000
90201.00000000000,Kaoh Sdach,21.59000000000
200206.00000000000,Reach Montir,0.32000000000
200109.00000000000,Samraong,1.03000000000
180209.00000000000,Sameakki,1.06000000000
90201.00000000000,Kaoh Sdach,21.59000000000
180204.00000000000,Cheung Kou,0.51000000000
211013.00000000000,Thlok,0.95000000000
210913.00000000000,Tram Kak,0.18000000000
90201.00000000000,Kaoh Sdach,21.59000000000
211007.00000000000,Prey Sloek,0.13000000000
200212.00000000000,Tnaot,0.23000000000
90201.00000000000,Kaoh Sdach,21.59000000000
70401.00000000000,Chres,0.36000000000
90201.00000000000,Kaoh Sdach,21.59000000000
90201.00000000000,Kaoh Sdach,21.59000000000
210305.00000000000,Kouk Pou,9.45000000000
90201.00000000000,Kaoh Sdach,21.59000000000
200110.00000000000,Tuol Sdei,0.53000000000
200103.00000000000,Chantrea,0.47000000000
200211.00000000000,Thmei,0.73000000000
211001.00000000000,Angkanh,0.63000000000
210301.00000000000,Bourei Cholsar,9.59000000000
211005.00000000000,Prambei Mom,0.49000000000
210505.00000000000,Romenh,5.80000000000
90103.00000000000,Ta Nuon,10.67000000000
210506.00000000000,Thlea Prachum,0.53000000000
211014.00000000000,Tralach,0.15000000000
90103.00000000000,Ta Nuon,10.67000000000
211003.00000000000,Chi Khmar,0.11000000000
211010.00000000000,Sanlung,0.11000000000
211011.00000000000,Smaong,5.36000000000
70715.00000000000,Stueng Kaev,0.18000000000
210304.00000000000,Kampong Krasang,26.11000000000
90103.00000000000,Ta Nuon,10.67000000000
70301.00000000000,Baniev,0.20000000000
70111.00000000000,Tani,0.27000000000
70713.00000000000,Prey Thnang,0.44000000000
210502.00000000000,Pech Sar,0.59000000000
210503.00000000000,Prey Khla,6.53000000000
180105.00000000000,,14.40000000000
210401.00000000000,Angk Prasat,0.26000000000
210406.00000000000,Kouk Prech,0.51000000000
180105.00000000000,,14.40000000000
180105.00000000000,,14.40000000000
70205.00000000000,Samraong Leu,0.11000000000
180303.00000000000,Tumnob Rolok,19.98000000000
180301.00000000000,Kampenh,27.55000000000
180211.00000000000,Tuek L'ak,10.69000000000
210501.00000000000,Krapum Chhuk,5.84000000000
70709.00000000000,Meakprang,0.92000000000
180210.00000000000,Samrong,4.78000000000
180301.00000000000,Kampenh,27.55000000000
180302.00000000000,Ou Treh,7.31000000000
180214.00000000000,Veal Renh,0.36000000000
210302.00000000000,Chey Chouk,28.02000000000
210410.00000000000,Ream Andaeuk,0.12000000000
210504.00000000000,Prey Yuthka,10.96000000000
180212.00000000000,Tuek Thla,18.29000000000
70705.00000000000,Kandal,0.12000000000
180101.00000000000,Sangkat Muoy,9.87000000000
70703.00000000000,Kampong Kraeng,1.40000000000
180201.00000000000,Andoung Thma,1.94000000000
70711.00000000000,Preaek Tnaot,17.02000000000
210403.00000000000,Kamnab,3.92000000000
70202.00000000000,Banteay Meas Khang L,0.19000000000
210402.00000000000,Preah Bat Choan Chum,0.78000000000
180203.00000000000,Bet Trang,1.34000000000
210408.00000000000,Prey Ampok,0.40000000000
180208.00000000000,Ream,4.92000000000
180213.00000000000,Tuol Toetueng,4.45000000000
180103.00000000000,Sangkat Bei,2.56000000000
70704.00000000000,Kampong Samraong,5.71000000000
70717.00000000000,Trapeang Pring,0.31000000000
70707.00000000000,Kaoh Touch,12.16000000000
70804.00000000000,Andoung Khmaer,2.85000000000
180207.00000000000,Prey Nob,3.28000000000
210405.00000000000,Kiri Chong Kaoh,0.40000000000
180105.00000000000,,14.40000000000
180102.00000000000,Sangkat Pir,0.30000000000
180103.00000000000,Sangkat Bei,2.56000000000
70719.00000000000,Trapeang Thum,0.19000000000
180104.00000000000,Sangkat Buon,0.25000000000
70701.00000000000,Boeng Tuk,13.26000000000
70606.00000000000,Kampong Trach Khang,0.90000000000
70803.00000000000,Kampong Bay,0.18000000000
180105.00000000000,,14.40000000000
70708.00000000000,Koun Satv,7.35000000000
180206.00000000000,Ou Oknha Heng,6.38000000000
70607.00000000000,Kanthaor Khang Cheun,0.13000000000
210407.00000000000,Phnum Den,0.36000000000
70702.00000000000,Chum Kriel,4.72000000000
70718.00000000000,Trapeang sangkae,6.82000000000
180103.00000000000,Sangkat Bei,2.56000000000
70801.00000000000,Kampong Kandal,0.60000000000
70805.00000000000,Traeuy Kaoh,27.40000000000
180202.00000000000,Boeng Ta Prum,3.91000000000
210411.00000000000,Saom,0.47000000000
230103.00000000000,,1.12000000000
70609.00000000000,Kanthaor Khang Lech,0.33000000000
70208.00000000000,Sdach Kong Khang Tbo,0.11000000000
230102.00000000000,,2.71000000000
70203.00000000000,Prey Tonle,0.88000000000
230202.00000000000,,2.76000000000
70605.00000000000,Kampong Trach Khang,0.26000000000
180206.00000000000,Ou Oknha Heng,6.38000000000
180205.00000000000,Ou Chrov,19.19000000000
180104.00000000000,Sangkat Buon,0.25000000000
70612.00000000000,Preaek Kroes,0.13000000000
180208.00000000000,Ream,4.92000000000
230201.00000000000,,2.55000000000
70615.00000000000,Svay Tong Khang Cheu,0.37000000000
230101.00000000000,,9.36000000000
180208.00000000000,Ream,4.92000000000
70602.00000000000,Boeng Sala Khang Tbo,0.36000000000
180208.00000000000,Ream,4.92000000000
70613.00000000000,Ruessei srok Khang K,0.16000000000
180208.00000000000,Ream,4.92000000000
70614.00000000000,Ruessei Srok Khang L,5.79000000000
180208.00000000000,Ream,4.92000000000
70616.00000000000,Svay Tong Khang Tbou,6.28000000000
180208.00000000000,Ream,4.92000000000
180208.00000000000,Ream,4.92000000000
180208.00000000000,Ream,4.92000000000
0.00000000000,,-1.00000000000
0.00000000000,,-1.00000000000
0.00000000000,,-1.00000000000
0.00000000000,,-1.00000000000
0.00000000000,Mai Hie,-1.00000000000
0.00000000000,Preah Khleang,-1.00000000000
0.00000000000,,-1.00000000000
0.00000000000,,-1.00000000000
0.00000000000,,-1.00000000000
0.00000000000,,-1.00000000000
0.00000000000,,-1.00000000000
0.00000000000,,-1.00000000000
0.00000000000,,-1.00000000000
0.00000000000,Aoral,-1.00000000000
0.00000000000,Roleak Kang Cheung,-1.00000000000
0.00000000000,Chh'en,-1.00000000000
0.00000000000,Tuol Sophi,-1.00000000000
0.00000000000,Preaek Pnov,-1.00000000000
0.00000000000,Ruessei Kaev,-1.00000000000
0.00000000000,,-1.00000000000
0.00000000000,Kampong Leav,-1.00000000000
0.00000000000,Preaek Thmei,-1.00000000000
0.00000000000,Roluos,-1.00000000000
0.00000000000,Chi Phat,-1.00000000000
0.00000000000,,-1.00000000000
0.00000000000,,-1.00000000000
0.00000000000,Prey Angkunh,-1.00000000000
0.00000000000,,-1.00000000000
0.00000000000,,-1.00000000000
0.00000000000,,-1.00000000000
0.00000000000,,-1.00000000000
0.00000000000,,-1.00000000000
0.00000000000,,-1.00000000000
0.00000000000,,-1.00000000000
0.00000000000,,-1.00000000000
0.00000000000,,-1.00000000000
0.00000000000,,-1.00000000000
0.00000000000,,-1.00000000000
0.00000000000,,-1.00000000000
0.00000000000,,-1.00000000000
0.00000000000,,-1.00000000000
130301.00000000000,Choam Ksant,0.00000000000
220503.00000000000,,0.00000000000
220504.00000000000,,0.00000000000
220401.00000000000,Bansay Reak,0.00000000000
220505.00000000000,,0.00000000000
220105.00000000000,,0.00000000000
220501.00000000000,,0.00000000000
130304.00000000000,Rumdaoh Srae,0.00000000000
220506.00000000000,,0.00000000000
220304.00000000000,Pongro,0.00000000000
130203.00000000000,Sangkae Muoy,0.00000000000
130205.00000000000,Mlu Prey Muoy,0.00000000000
10702.00000000000,Kouk Romiet,0.00000000000
10706.00000000000,Kumru,0.00000000000
160602.00000000000,Chan,0.00000000000
171302.00000000000,Kantuot,0.00000000000
10705.00000000000,Kouk Kakthen,0.00000000000
10703.00000000000,Phum Thmei,0.00000000000
10804.00000000000,Svay Chek,0.00000000000
10807.00000000000,Treas,0.00000000000
160607.00000000000,L'ak,0.00000000000
130704.00000000000,Pou,0.00000000000
130705.00000000000,Prame,0.00000000000
160604.00000000000,Kalai,0.00000000000
171201.00000000000,Chrouy Neang Nguon,0.00000000000
171401.00000000000,Prasat,0.00000000000
160606.00000000000,Sameakki,0.00000000000
10801.00000000000,Phkoam,0.00000000000
190509.00000000000,Sam'ang,0.00000000000
170106.00000000000,Srae Khvav,0.00000000000
160301.00000000000,Kak,0.00000000000
160302.00000000000,Ke Chong,0.00000000000
130702.00000000000,Pal Hal,0.00000000000
171404.00000000000,Svay sa,0.00000000000
10806.00000000000,Ta Phou,0.00000000000
160404.00000000000,Toen,0.00000000000
160601.00000000000,Cha Ung,0.00000000000
171204.00000000000,Moung,0.00000000000
160403.00000000000,Ta Ang,0.00000000000
130404.00000000000,Phnum Penh,0.00000000000
160603.00000000000,Aekakpheap,0.00000000000
160406.00000000000,Trapeang Kraham,0.00000000000
160703.00000000000,Pak Nhai,0.00000000000
130405.00000000000,Phnum Tbaeng Pir,0.00000000000
160306.00000000000,Ting Chak,0.00000000000
160702.00000000000,Lum Choar,0.00000000000
170102.00000000000,Doun  Peaeng,0.00000000000
170302.00000000000,Khun Ream,0.00000000000
130204.00000000000,Sangkae Pir,0.00000000000
160202.00000000000,Labansiek,0.00000000000
170103.00000000000,Kouk Doung,0.00000000000
170607.00000000000,Saen Sokh,0.00000000000
160303.00000000000,Laming,0.00000000000
130102.00000000000,Tasu,0.00000000000
170104.00000000000,Koul,0.00000000000
160201.00000000000,Kachanh,0.00000000000
10508.00000000000,Paoy Paet,0.00000000000
10601.00000000000,Bos Sbov,0.00000000000
170604.00000000000,Krouch Kor,0.00000000000
170101.00000000000,Char Chhuk,0.00000000000
160304.00000000000,Lung Khung,0.00000000000
10506.00000000000,Souphi,0.00000000000
160504.00000000000,La Bang Pir,0.00000000000
170201.00000000000,Chob Ta Trav,0.00000000000
170203.00000000000,Peak Snaeng,0.00000000000
160305.00000000000,Seung,0.00000000000
130602.00000000000,Ro'ang,0.00000000000
130103.00000000000,Khyang,0.00000000000
160704.00000000000,Pate,0.00000000000
170608.00000000000,Snuol,0.00000000000
190510.00000000000,Srae Ruessei,0.00000000000
160701.00000000000,Bar Kham,0.00000000000
130104.00000000000,Chrach,0.00000000000
170105.00000000000,Nokor Pheas,0.00000000000
171303.00000000000,Khnang Phnum,0.00000000000
160503.00000000000,La Bang Muoy,0.00000000000
130105.00000000000,Yhmea,0.00000000000
130601.00000000000,Chamraeun,0.00000000000
130604.00000000000,Sdau,0.00000000000
171304.00000000000,Svay Leu,0.00000000000
170703.00000000000,Kdei Run,0.00000000000
160502.00000000000,Ka Laeng,0.00000000000
170301.00000000000,Khnar Sanday,0.00000000000
170306.00000000000,Tbaeng,0.00000000000
130510.00000000000,Rumdaoh,0.00000000000
190501.00000000000,Anlong Phe,0.00000000000
170716.00000000000,Yeang,0.00000000000
160505.00000000000,Pa Tang,0.00000000000
190502.00000000000,Chamkar Leu,0.00000000000
170303.00000000000,Preak Dak,0.00000000000
171301.00000000000,Boeng Mealea,0.00000000000
171107.00000000000,Khnar Pou,0.00000000000
130511.00000000000,Romtom,0.00000000000
171101.00000000000,Chan Sar,0.00000000000
171005.00000000000,Nokor Thum,0.00000000000
130508.00000000000,Rieb Roy,0.00000000000
170903.00000000000,Ballangk,0.00000000000
171110.00000000000,Ta Yaek,0.00000000000
170409.00000000000,Pongro Leu,0.00000000000
130502.00000000000,Reaksmei,0.00000000000
171001.00000000000,Sla Kram,0.00000000000
171002.00000000000,Svay Dangkum,0.00000000000
170905.00000000000,Kantreang,0.00000000000
20405.00000000000,Ampil Pram Daeum,0.00000000000
171004.00000000000,Sala Kamraeuk,0.00000000000
20210.00000000000,Rung Chrey,0.00000000000
171109.00000000000,Samraong,0.00000000000
20402.00000000000,Khnach Romeas,0.00000000000
60404.00000000000,Sa Kream,0.00000000000
170408.00000000000,Pongro Kraom,0.00000000000
60402.00000000000,Kraya,0.00000000000
20205.00000000000,Anlong Run,0.00000000000
110205.00000000000,Srae Huy,0.00000000000
240202.00000000000,Stueng Trang,0.00000000000
20309.00000000000,Ou Char,0.00000000000
20310.00000000000,Svay Pao,0.00000000000
20301.00000000000,Tuol Ta Aek,0.00000000000
110206.00000000000,Srae Sangkom,0.00000000000
20106.00000000000,Phnum Sampov,0.00000000000
240204.00000000000,Ou Andoung,0.00000000000
20104.00000000000,Chheu Teal,0.00000000000
240201.00000000000,Sala Krau,0.00000000000
60609.00000000000,Tum Ring,0.00000000000
100409.00000000000,Srae Chis,0.00000000000
20103.00000000000,Bay Damram,0.00000000000
100403.00000000000,Kbal Damrei,0.00000000000
20102.00000000000,Kantueu Pir,0.00000000000
240203.00000000000,Stueng Kach,0.00000000000
60205.00000000000,Ni Pechr,0.00000000000
20101.00000000000,Kantueu Muoy,0.00000000000
110401.00000000000,Krang Teh,0.00000000000
110402.00000000000,Bu Chri,0.00000000000
240103.00000000000,Tuol Lvea,0.00000000000
240101.00000000000,Pailin,0.00000000000
240104.00000000000,Ba Yakha,0.00000000000
240102.00000000000,Ou Tavau,0.00000000000
60201.00000000000,Chey,0.00000000000
20703.00000000000,Phlov Meas,0.00000000000
21305.00000000000,,0.00000000000
20601.00000000000,Moung Ruessei,0.00000000000
21304.00000000000,,0.00000000000
20609.00000000000,Robas Mongkol,0.00000000000
110404.00000000000,Bu Sra,0.00000000000
20611.00000000000,Preaek Chik,0.00000000000
110403.00000000000,Srae Ampum,0.00000000000
150106.00000000000,Rumlech,0.00000000000
110103.00000000000,Srae Chhuk,0.00000000000
110503.00000000000,Spean Mean Chey,0.00000000000
110504.00000000000,Romonea,0.00000000000
150504.00000000000,Phteah Prey,0.00000000000
110102.00000000000,Me Mang,0.00000000000
150602.00000000000,,0.00000000000
110301.00000000000,Dak Dam,0.00000000000
150507.00000000000,Svay at,0.00000000000
110501.00000000000,Monourom,0.00000000000
150505.00000000000,Prey Nhi,0.00000000000
150403.00000000000,Phteah Rung,0.00000000000
150401.00000000000,Bak Chenhchien,0.00000000000
110504.00000000000,Romonea,0.00000000000
150603.00000000000,,0.00000000000
40108.00000000000,Pech Changvar,0.00000000000
150604.00000000000,,0.00000000000
110105.00000000000,Srae Preah,0.00000000000
150310.00000000000,Svay Sa,0.00000000000
150304.00000000000,Chheu Tom,0.00000000000
30208.00000000000,Ta Prok,0.00000000000
30204.00000000000,Lvea Leu,0.00000000000
40806.00000000000,Krang Skear,0.00000000000
31505.00000000000,Me Sar Chrey,0.00000000000
150406.00000000000,Santreae,0.00000000000
30203.00000000000,Cheyyou,0.00000000000
30206.00000000000,Svay Teab,0.00000000000
60112.00000000000,Andoung Pou,0.00000000000
31512.00000000000,Soupheas,0.00000000000
30207.00000000000,Ta Ong,0.00000000000
60106.00000000000,Chranieng,0.00000000000
150601.00000000000,,0.00000000000
40611.00000000000,Srae Thmei,0.00000000000
40303.00000000000,Ph'er,0.00000000000
30201.00000000000,Bos Khnaor,0.00000000000
40609.00000000000,Prey Mul,0.00000000000
31306.00000000000,Krouch,0.00000000000
31305.00000000000,Kor,0.00000000000
100504.00000000000,Srae Char,0.00000000000
40807.00000000000,Tang Krasang,0.00000000000
30307.00000000000,Sdaeung Chey,0.00000000000
31315.00000000000,Trapeang Preah,0.00000000000
40802.00000000000,Chieb,0.00000000000
30310.00000000000,Trapeang Kor,0.00000000000
30610.00000000000,Ou Svay,0.00000000000
40805.00000000000,Khlong Popok,0.00000000000
31301.00000000000,Baray,0.00000000000
31310.00000000000,Sour Saen,0.00000000000
31309.00000000000,Prey Chhor,0.00000000000
30402.00000000000,Dambae,0.00000000000
30609.00000000000,Krala,0.00000000000
40801.00000000000,Akphivoadth,0.00000000000
40502.00000000000,Chhuk Sa,0.00000000000
30403.00000000000,Kouk Srok,0.00000000000
40510.00000000000,Thma Edth,0.00000000000
30502.00000000000,Kampong Cham,0.00000000000
30504.00000000000,Veal Vong,0.00000000000
31623.00000000000,Vihear Luong,0.00000000000
31014.00000000000,Tonlung,0.00000000000
40703.00000000000,Krang Lvea,0.00000000000
31608.00000000000,Chob,0.00000000000
31619.00000000000,Suong,0.00000000000
50801.00000000000,Amleang,0.00000000000
30406.00000000000,Tuek Chrov,0.00000000000
30401.00000000000,Chong Cheach,0.00000000000
40507.00000000000,Peani,0.00000000000
31618.00000000000,Sralab,0.00000000000
31016.00000000000,Kokir,0.00000000000
40708.00000000000,Tbaeng Khpos,0.00000000000
31614.00000000000,Moung Riev,0.00000000000
30404.00000000000,Neang Teut,0.00000000000
31204.00000000000,Kandaol Chrum,0.00000000000
31013.00000000000,Tramung,0.00000000000
31209.00000000000,Veal Mlu,0.00000000000
31207.00000000000,Popel,0.00000000000
31601.00000000000,Anhchaeum,0.00000000000
31005.00000000000,Dar,0.00000000000
40704.00000000000,Peam,0.00000000000
31003.00000000000,Choam Kravien,0.00000000000
40701.00000000000,Chhean Laeung,0.00000000000
31103.00000000000,Damrel,0.00000000000
141202.00000000000,Chrey Khmum,0.00000000000
31104.00000000000,Kong Chey,0.00000000000
31202.00000000000,Doun Tei,0.00000000000
31015.00000000000,Treak,0.00000000000
31403.00000000000,Khnar Sa,0.00000000000
50807.00000000000,Veal Pon,0.00000000000
31001.00000000000,Chan Mul,0.00000000000
141208.00000000000,Prey Daeum Thnoeng,0.00000000000
31010.00000000000,Rung,0.00000000000
141209.00000000000,Prey Tueng,0.00000000000
141211.00000000000,Ruessei Sanh,0.00000000000
31002.00000000000,Choam,0.00000000000
140408.00000000000,Tnaot,0.00000000000
50509.00000000000,Trach Tong,0.00000000000
50805.00000000000,Rung Roeang,0.00000000000
50504.00000000000,Khsem Khsan,0.00000000000
50405.00000000000,Ta Sal,0.00000000000
141206.00000000000,Pou Ti,0.00000000000
140201.00000000000,Cheach,0.00000000000
50506.00000000000,Mean Chey,0.00000000000
140403.00000000000,Kdoeang Reay,0.00000000000
50501.00000000000,Chant Saen,0.00000000000
50512.00000000000,Yutth Sameakki,0.00000000000
140401.00000000000,Chong Ampil,0.00000000000
50808.00000000000,Yea Angk,0.00000000000
80809.00000000000,Mkak,0.00000000000
140205.00000000000,Seang Khveang,0.00000000000
140208.00000000000,Trbk,0.00000000000
141008.00000000000,Prey Khla,0.00000000000
50401.00000000000,Haong Samnam,0.00000000000
50402.00000000000,Reaksmei Sameakki,0.00000000000
50508.00000000000,Prey Krasang,0.00000000000
50806.00000000000,Toap Mean,0.00000000000
50515.00000000000,Phnum Touch,0.00000000000
120511.00000000000,Krang Thnong,0.00000000000
140202.00000000000,Doun Koeng,0.00000000000
50714.00000000000,Tumpoar Meas,0.00000000000
50503.00000000000,Chumpu Proeks,0.00000000000
200416.00000000000,Tras,0.00000000000
200403.00000000000,Andoung Trabaek,0.00000000000
120702.00000000000,Tuol Sangkae,0.00000000000
80814.00000000000,Samraong Leu,0.00000000000
80810.00000000000,Ovlaok,0.00000000000
120407.00000000000,Boeng Kak Muoy,0.00000000000
120210.00000000000,Srah Chak,0.00000000000
120408.00000000000,Boeng Kak Pir,0.00000000000
141001.00000000000,Angkor Tret,0.00000000000
120211.00000000000,Voat Phnum,0.00000000000
120205.00000000000,Phsar Kandal Muoy,0.00000000000
120209.00000000000,Phsar Chas,0.00000000000
120401.00000000000,Phsar Depou Muoy,0.00000000000
120201.00000000000,Phsar Thmei Muoy,0.00000000000
120404.00000000000,Tuek L'ak Muoy,0.00000000000
120202.00000000000,Phsar Thmei Pir,0.00000000000
120305.00000000000,Monourom,0.00000000000
120306.00000000000,Mittakpheap,0.00000000000
50705.00000000000,Pneay,0.00000000000
120707.00000000000,Tuek Thla,0.00000000000
120206.00000000000,Phsar Kandal Pir,0.00000000000
120203.00000000000,Phsar Thmei Bei,0.00000000000
120506.00000000000,Kakab,0.00000000000
120402.00000000000,Phsar Depou Pir,0.00000000000
120307.00000000000,Veal Vong,0.00000000000
120208.00000000000,Chey Chumneah,0.00000000000
120304.00000000000,Ou Ruessei Buon,0.00000000000
120204.00000000000,Boeng Reang,0.00000000000
120303.00000000000,Ou Ruessei Bei,0.00000000000
120405.00000000000,Tuek L'ak Pir,0.00000000000
120403.00000000000,Phsar Depou Bei,0.00000000000
120301.00000000000,Ou Ruessei Muoy,0.00000000000
120302.00000000000,Ou Ruessei Pir,0.00000000000
80805.00000000000,Kamboul,0.00000000000
200410.00000000000,Krasang,0.00000000000
120406.00000000000,Tuek L'ak Bei,0.00000000000
120207.00000000000,Chakto Mukh,0.00000000000
120308.00000000000,Boeng Prolit,0.00000000000
120608.00000000000,Nirouth,0.00000000000
120409.00000000000,Phsar Daeum Kor,0.00000000000
50708.00000000000,Sambour,0.00000000000
120107.00000000000,Tuol Svay Prey Pir,0.00000000000
120410.00000000000,Boeng Salang,0.00000000000
120101.00000000000,Tonle Basak,0.00000000000
120102.00000000000,Boeng Keng Kang Muoy,0.00000000000
50707.00000000000,Samraong Tong,0.00000000000
120105.00000000000,Oulampik,0.00000000000
120103.00000000000,Boeng Keng Kang Pir,0.00000000000
120106.00000000000,Tuol Svay Prey Muoy,0.00000000000
120505.00000000000,Chaom Chau,0.00000000000
120108.00000000000,Tumnob Tuek,0.00000000000
120605.00000000000,Chbar Ampov Pir,0.00000000000
120104.00000000000,Boeng Keng kang Bei,0.00000000000
120601.00000000000,Stueng Mean Chey,0.00000000000
80803.00000000000,Chhak Chheu Neang,0.00000000000
80804.00000000000,Damnak Ampil,0.00000000000
120109.00000000000,Tuol Tumpung Pir,0.00000000000
120602.00000000000,Boeng Tumpun,0.00000000000
120110.00000000000,Tuol Tumpung Muoy,0.00000000000
120111.00000000000,Boeng Trabaek,0.00000000000
80801.00000000000,Baek Chan,0.00000000000
120112.00000000000,Phsar Daeum Thkov,0.00000000000
80806.00000000000,Kantaok,0.00000000000
120604.00000000000,Chbar Ampov Muoy,0.00000000000
80811.00000000000,Peuk,0.00000000000
50605.00000000000,Krang Dei Vay,0.00000000000
120606.00000000000,Chak Angrae Leu,0.00000000000
50711.00000000000,Tang Krouch,0.00000000000
50715.00000000000,Voa Sa,0.00000000000
50713.00000000000,Trapeang Kong,0.00000000000
200413.00000000000,Sambuor,0.00000000000
80813.00000000000,Prey Puok,0.00000000000
80807.00000000000,Krang Mkak,0.00000000000
120508.00000000000,Prey Veaeng,0.00000000000
80808.00000000000,Lumhach,0.00000000000
50203.00000000000,Roka Thum,0.00000000000
80802.00000000000,Boeng Thum,0.00000000000
50204.00000000000,Sopoar Tep,0.00000000000
81104.00000000000,Ta Khmau,0.00000000000
140506.00000000000,Prey Totueng,0.00000000000
50610.00000000000,Tang Samraong,0.00000000000
140507.00000000000,Svay Chrum,0.00000000000
50202.00000000000,Kandaol Dom,0.00000000000
200414.00000000000,Sambatt Mean Chey,0.00000000000
50706.00000000000,Roleang Kreul,0.00000000000
50205.00000000000,Svay Kravan,0.00000000000
50611.00000000000,Tang Sya,0.00000000000
120512.00000000000,Krang Pongro,0.00000000000
80118.00000000000,Roleang Kaen,0.00000000000
80117.00000000000,Roka,0.00000000000
50702.00000000000,Kahaeng,0.00000000000
80126.00000000000,Tien,0.00000000000
50606.00000000000,Moha Sang,0.00000000000
80110.00000000000,Kong Noy,0.00000000000
80103.00000000000,Barku,0.00000000000
50305.00000000000,Preah Nipean,0.00000000000
50308.00000000000,Roka Kaoh,0.00000000000
50710.00000000000,Skuh,0.00000000000
80113.00000000000,Preah Putth,0.00000000000
50709.00000000000,Saen Dei,0.00000000000
80122.00000000000,Siem Reab,0.00000000000
50712.00000000000,Thommoda Ar,0.00000000000
80109.00000000000,Kouk Trab,0.00000000000
80108.00000000000,Thmei,0.00000000000
200411.00000000000,Mukh Da,0.00000000000
200407.00000000000,Doung,0.00000000000
140502.00000000000,Chres,0.00000000000
80128.00000000000,Trea,0.00000000000
50313.00000000000,Veal,0.00000000000
50604.00000000000,Kiri Voan,0.00000000000
200415.00000000000,Trapeang Sdau,0.00000000000
50304.00000000000,Pechr Muni,0.00000000000
50704.00000000000,Krang Ampil,0.00000000000
50613.00000000000,Traeng Trayueng,0.00000000000
80125.00000000000,Tbaeng,0.00000000000
50607.00000000000,Ou,0.00000000000
50311.00000000000,Srang,0.00000000000
50312.00000000000,Tuek L'ak,0.00000000000
140505.00000000000,Prey Rumdeng,0.00000000000
50609.00000000000,Prey Kmeng,0.00000000000
200404.00000000000,Angk Prasrae,0.00000000000
200405.00000000000,Chantrei,0.00000000000
50602.00000000000,Choam Sangkae,0.00000000000
50110.00000000000,Svay Chacheb,0.00000000000
140108.00000000000,Spueu Kha,0.00000000000
140508.00000000000,Trapeang Srae,0.00000000000
50603.00000000000,Dambouk Rung,0.00000000000
50112.00000000000,Tuol Sala,0.00000000000
140501.00000000000,Angkor Sar,0.00000000000
200305.00000000000,Kampong Ampil,0.00000000000
200310.00000000000,Thna Thnong,0.00000000000
50310.00000000000,Snam Krapeu,0.00000000000
210205.00000000000,Komar Reachea,0.00000000000
140107.00000000000,Spueu Ka,0.00000000000
200302.00000000000,Thmea,0.00000000000
210215.00000000000,Trapeang Sab,0.00000000000
200304.00000000000,Chrung Popel,0.00000000000
200508.00000000000,Doun Sa,0.00000000000
200516.00000000000,Svay Yea,0.00000000000
140103.00000000000,Chheu Kach,0.00000000000
50114.00000000000,Svay Rumpea,0.00000000000
200301.00000000000,Bos Mon,0.00000000000
210209.00000000000,Pea Ream,0.00000000000
50303.00000000000,Moha Ruessei,0.00000000000
140306.00000000000,Kou Khchak,0.00000000000
210214.00000000000,Trapeang Krasang,0.00000000000
50309.00000000000,Sdok,0.00000000000
50115.00000000000,Preah Khae,0.00000000000
200306.00000000000,Meun Chey,0.00000000000
210206.00000000000,Krang Leav,0.00000000000
50102.00000000000,Kat Phluk,0.00000000000
140106.00000000000,Sdau Kaong,0.00000000000
200308.00000000000,Sangkae,0.00000000000
140305.00000000000,Kansaom Ak,0.00000000000
210213.00000000000,Tnaot,0.00000000000
50113.00000000000,Kak,0.00000000000
210707.00000000000,Rovieng,0.00000000000
200307.00000000000,Pong Tuek,0.00000000000
200702.00000000000,Kokir Saom,0.00000000000
140907.00000000000,Lvea,0.00000000000
210607.00000000000,Kdanh,0.00000000000
50105.00000000000,Pheari Mean Chey,0.00000000000
210705.00000000000,Khvav,0.00000000000
210704.00000000000,Chumreah Pen,0.00000000000
200510.00000000000,Kraol Kou,0.00000000000
200303.00000000000,Chak,0.00000000000
50109.00000000000,Pou Mreal,0.00000000000
50111.00000000000,Tuol Ampil,0.00000000000
200706.00000000000,Prey Ta Ei,0.00000000000
200509.00000000000,Kouk Pring,0.00000000000
50101.00000000000,Basedth,0.00000000000
200711.00000000000,Svay Rumpea,0.00000000000
140309.00000000000,Prasat,0.00000000000
50103.00000000000,Nitean,0.00000000000
200512.00000000000,Pouthi Reach,0.00000000000
50106.00000000000,Phong,0.00000000000
140904.00000000000,Chey Kampok,0.00000000000
200514.00000000000,Svay Chrum,0.00000000000
210701.00000000000,Boeng Tranh Khang Ch,0.00000000000
140310.00000000000,Pratheat,0.00000000000
140301.00000000000,Ansaong,0.00000000000
200507.00000000000,Chheu Teal,0.00000000000
210906.00000000000,Ou Saray,0.00000000000
210709.00000000000,Soeng,0.00000000000
50108.00000000000,Pou Chamraeun,0.00000000000
210702.00000000000,Boeng Tranh Khang Tb,0.00000000000
140901.00000000000,Angkor Reach,0.00000000000
200705.00000000000,Popeaek,0.00000000000
140911.00000000000,Seena Reach Otdam,0.00000000000
140313.00000000000,Thkov,0.00000000000
200602.00000000000,Prey Chhlak,0.00000000000
140903.00000000000,Boeng Daol,0.00000000000
200102.00000000000,Bavet,0.00000000000
210914.00000000000,Trapeang Thum Khang,0.00000000000
210909.00000000000,Popel,0.00000000000
210908.00000000000,Otdam Souriya,0.00000000000
200503.00000000000,Chambak,0.00000000000
140304.00000000000,Chrey,0.00000000000
140312.00000000000,Prey Poun,0.00000000000
140303.00000000000,Cheang Daek,0.00000000000
210904.00000000000,Leay Bour,0.00000000000
140902.00000000000,Banteay Chakrei,0.00000000000
200204.00000000000,Preah Ponlea,0.00000000000
200108.00000000000,Prey Kokir,0.00000000000
70405.00000000000,Srae Knong,0.00000000000
210915.00000000000,Trapeang Thum Khang,0.00000000000
200106.00000000000,Prasat,0.00000000000
140908.00000000000,Preah Sdach,0.00000000000
210901.00000000000,Angk Ta Saom,0.00000000000
140609.00000000000,Ruessei Srok,0.00000000000
210910.00000000000,Samraong,0.00000000000
70403.00000000000,Snay Anhchet,0.00000000000
210911.00000000000,Srae Ronoung,0.00000000000
200202.00000000000,Nhor,0.00000000000
210903.00000000000,Kus,0.00000000000
70406.00000000000,Srae Samraong,0.00000000000
211008.00000000000,Roneam,0.00000000000
210905.00000000000,Nhaeng Nhang,0.00000000000
70407.00000000000,Trapeang Reang,0.00000000000
211004.00000000000,Khvav,0.00000000000
70402.00000000000,Chumpu Voan,0.00000000000
70103.00000000000,Champei,0.00000000000
70311.00000000000,Nareay,0.00000000000
70304.00000000000,Chhuk,0.00000000000
70307.00000000000,Krang Snay,0.00000000000
210303.00000000000,Doung Khpos,0.00000000000
211002.00000000000,Angk Khnaor,0.00000000000
70308.00000000000,Lbaeuk,0.00000000000
70110.00000000000,Samlanh,0.00000000000
211006.00000000000,Angk Kaev,0.00000000000
70310.00000000000,Mean Chey,0.00000000000
70105.00000000000,Dan Koum,0.00000000000
70109.00000000000,Praphnum,0.00000000000
70314.00000000000,Tramaeng,0.00000000000
70303.00000000000,Boeng Nimol,0.00000000000
70312.00000000000,Satv Pong,0.00000000000
70101.00000000000,Angk Phnum Touch,0.00000000000
70102.00000000000,Angkor Chey,0.00000000000
70104.00000000000,Dambouk Khpos,0.00000000000
70306.00000000000,Krang Sbov,0.00000000000
70716.00000000000,Thmei,0.00000000000
70305.00000000000,Doun Yay,0.00000000000
70313.00000000000,Trapeang Bei,0.00000000000
70509.00000000000,Angkor Meas,0.00000000000
70510.00000000000,L'ang,0.00000000000
70214.00000000000,Voat Angk Khang Cheu,0.00000000000
70108.00000000000,Phnum Kong,0.00000000000
70501.00000000000,Damnak Sokram,0.00000000000
70508.00000000000,Totung,0.00000000000
70505.00000000000,Mean Ritth,0.00000000000
70204.00000000000,Samraong Kraom,0.00000000000
70106.00000000000,Daeum Doung,0.00000000000
70210.00000000000,Trapeang Sala Khang,0.00000000000
70107.00000000000,Mroum,0.00000000000
70215.00000000000,Voat Angk Khang Tbou,0.00000000000
70502.00000000000,Dang Tong,0.00000000000
70211.00000000000,Trapeang Sala Khang,0.00000000000
70712.00000000000,Prey Khmum,0.00000000000
70506.00000000000,Srae Chea Khang Cheu,0.00000000000
70213.00000000000,Tuk Meas Khang Lech,0.00000000000
70507.00000000000,Srae Chea Khang Tbou,0.00000000000
70201.00000000000,Banteay Meas Khang K,0.00000000000
210404.00000000000,Kampeaeng,0.00000000000
70212.00000000000,Tuk Meas Khang Kaeut,0.00000000000
70207.00000000000,Sdach Kong Khang Lec,0.00000000000
70503.00000000000,Khcheay Khang Cheung,0.00000000000
210409.00000000000,Prey Rumdeng,0.00000000000
70504.00000000000,Khcheay Khang Tboung,0.00000000000
70603.00000000000,Damnak Kantuot Khang,0.00000000000
70604.00000000000,Damnak Kantuot Khang,0.00000000000
70802.00000000000,Krang Ampil,0.00000000000
70206.00000000000,Sdach Kong Khang Che,0.00000000000
70209.00000000000,Tnaot Chong Srang,0.00000000000
210412.00000000000,Ta Ou,0.00000000000
70608.00000000000,Kanthaor Khang kaeut,0.00000000000
70601.00000000000,Boeng Sala Khang Che,0.00000000000
