<?xml version="1.0"?>
<!--<!DOCTYPE metadata SYSTEM "http://www.esri.com/metadata/esriprof80.dtd">-->
<metadata xml:lang="en"><Esri><MetaID>{8A9AC585-FF69-454D-9981-457FFF014D3A}</MetaID><CreaDate>20130919</CreaDate><CreaTime>16085700</CreaTime><SyncOnce>TRUE</SyncOnce></Esri><idinfo><citation><citeinfo><onlink Sync="TRUE">\\USER-PC\G$\CamAtlas2012\ODC_QGIS\Vector\Raster\Market density in 2011.tif</onlink></citeinfo></citation></idinfo><distInfo><distributor><distorTran><onLineSrc><linkage Sync="TRUE">file://\\USER-PC\G$\CamAtlas2012\ODC_QGIS\Vector\Raster\Market density in 2011.tif</linkage><protocol Sync="TRUE">Local Area Network</protocol></onLineSrc></distorTran></distributor></distInfo><dataqual><lineage><procstep><procdesc Sync="TRUE">Dataset moved.</procdesc><srcused Sync="TRUE">G:\CamAtlas2012\ODC_QGIS\Market density in 2011.tif</srcused><procdate Sync="TRUE">20130919</procdate><proctime Sync="TRUE">16085700</proctime></procstep><procstep><procdesc Sync="TRUE">Dataset moved.</procdesc><srcused Sync="TRUE">G:\CamAtlas2012\ODC_QGIS\Raster\Market density in 2011.tif</srcused><procdate Sync="TRUE">20131008</procdate><proctime Sync="TRUE">08422400</proctime></procstep></lineage></dataqual></metadata>
