<?xml version="1.0"?>
<!--<!DOCTYPE metadata SYSTEM "http://www.esri.com/metadata/esriprof80.dtd">-->
<metadata xml:lang="en"><Esri><MetaID>{98542F89-40F7-4949-B87A-D75FB79CA27C}</MetaID><CreaDate>20130919</CreaDate><CreaTime>16060700</CreaTime><SyncOnce>TRUE</SyncOnce></Esri><idinfo><citation><citeinfo><onlink Sync="TRUE">\\USER-PC\G$\CamAtlas2012\ODC_QGIS\Vector\Raster\Eviction hotspot.tif</onlink></citeinfo></citation></idinfo><distInfo><distributor><distorTran><onLineSrc><linkage Sync="TRUE">file://\\USER-PC\G$\CamAtlas2012\ODC_QGIS\Vector\Raster\Eviction hotspot.tif</linkage><protocol Sync="TRUE">Local Area Network</protocol></onLineSrc></distorTran></distributor></distInfo><dataqual><lineage><procstep><procdesc Sync="TRUE">Dataset moved.</procdesc><srcused Sync="TRUE">G:\CamAtlas2012\ODC_QGIS\Eviction hotspot.tif</srcused><procdate Sync="TRUE">20130919</procdate><proctime Sync="TRUE">16060700</proctime></procstep><procstep><procdesc Sync="TRUE">Dataset moved.</procdesc><srcused Sync="TRUE">G:\CamAtlas2012\ODC_QGIS\Raster\Eviction hotspot.tif</srcused><procdate Sync="TRUE">20131008</procdate><proctime Sync="TRUE">08421200</proctime></procstep></lineage></dataqual></metadata>
