<?xml version="1.0"?>
<!--<!DOCTYPE metadata SYSTEM "http://www.esri.com/metadata/esriprof80.dtd">-->
<metadata xml:lang="en"><Esri><CreaDate>20120402</CreaDate><CreaTime>08534100</CreaTime><SyncOnce>FALSE</SyncOnce><SyncDate>20120330</SyncDate><SyncTime>14580600</SyncTime><ModDate>20120330</ModDate><ModTime>14580600</ModTime><DataProperties><lineage><Process ToolSource="C:\Program Files\ArcGIS\ArcToolbox\Toolboxes\Data Management Tools.tbx\Project" Date="20120330" Time="154718">Project Provinces_region "C:\Documents and Settings\House32\Desktop\Provincetest\Provinces_region1.shp" PROJCS['WGS_1984_UTM_Zone_48N',GEOGCS['GCS_WGS_1984',DATUM['D_WGS_1984',SPHEROID['WGS_1984',6378137.0,298.257223563]],PRIMEM['Greenwich',0.0],UNIT['Degree',0.0174532925199433]],PROJECTION['Transverse_Mercator'],PARAMETER['False_Easting',500000.0],PARAMETER['False_Northing',0.0],PARAMETER['Central_Meridian',105.0],PARAMETER['Scale_Factor',0.9996],PARAMETER['Latitude_Of_Origin',0.0],UNIT['Meter',1.0]] Indian_1960_To_WGS_1984_1 PROJCS['Indian_1960_UTM_Zone_48N',GEOGCS['GCS_Indian_1960',DATUM['D_Indian_1960',SPHEROID['Everest_Adjustment_1937',6377276.345,300.8017]],PRIMEM['Greenwich',0.0],UNIT['Degree',0.0174532925199433]],PROJECTION['Transverse_Mercator'],PARAMETER['False_Easting',500000.0],PARAMETER['False_Northing',0.0],PARAMETER['Central_Meridian',105.0],PARAMETER['Scale_Factor',0.9996],PARAMETER['Latitude_Of_Origin',0.0],UNIT['Meter',1.0]]</Process></lineage></DataProperties><MetaID>{0B60C9DD-7904-486D-B731-BF661AA1947D}</MetaID></Esri><idinfo><native Sync="TRUE">Microsoft Windows XP Version 5.1 (Build 2600) Service Pack 2; ESRI ArcCatalog 9.3.0.1770</native><descript><langdata Sync="TRUE">en</langdata><abstract>REQUIRED: A brief narrative summary of the data set.</abstract><purpose>REQUIRED: A summary of the intentions with which the data set was developed.</purpose></descript><citation><citeinfo><origin>REQUIRED: The name of an organization or individual that developed the data set.</origin><pubdate>REQUIRED: The date when the data set is published or otherwise made available for release.</pubdate><title Sync="TRUE">Provinces_region</title><ftname Sync="TRUE">Provinces_region</ftname><geoform Sync="TRUE">vector digital data</geoform><onlink Sync="TRUE"></onlink></citeinfo></citation><timeperd><current>REQUIRED: The basis on which the time period of content information is determined.</current><timeinfo><sngdate><caldate>REQUIRED: The year (and optionally month, or month and day) for which the data set corresponds to the ground.</caldate></sngdate></timeinfo></timeperd><status><progress>REQUIRED: The state of the data set.</progress><update>REQUIRED: The frequency with which changes and additions are made to the data set after the initial data set is completed.</update></status><spdom><bounding><westbc Sync="TRUE">REQUIRED: Western-most coordinate of the limit of coverage expressed in longitude.</westbc><eastbc Sync="TRUE">REQUIRED: Eastern-most coordinate of the limit of coverage expressed in longitude.</eastbc><northbc Sync="TRUE">REQUIRED: Northern-most coordinate of the limit of coverage expressed in latitude.</northbc><southbc Sync="TRUE">REQUIRED: Southern-most coordinate of the limit of coverage expressed in latitude.</southbc></bounding><lboundng><leftbc Sync="TRUE">211837.191488</leftbc><rightbc Sync="TRUE">785034.001831</rightbc><bottombc Sync="TRUE">1144269.122240</bottombc><topbc Sync="TRUE">1625281.249100</topbc></lboundng></spdom><keywords><theme><themekt>REQUIRED: Reference to a formally registered thesaurus or a similar authoritative source of theme keywords.</themekt><themekey>REQUIRED: Common-use word or phrase used to describe the subject of the data set.</themekey></theme></keywords><accconst>REQUIRED: Restrictions and legal prerequisites for accessing the data set.</accconst><useconst>REQUIRED: Restrictions and legal prerequisites for using the data set after access is granted.</useconst><natvform Sync="TRUE">Shapefile</natvform></idinfo><dataIdInfo><envirDesc Sync="TRUE">Microsoft Windows XP Version 5.1 (Build 2600) Service Pack 2; ESRI ArcCatalog 9.3.0.1770</envirDesc><dataLang><languageCode Sync="TRUE" value="en"></languageCode></dataLang><idCitation><resTitle Sync="TRUE">Provinces_region</resTitle><presForm><PresFormCd Sync="TRUE" value="005"></PresFormCd></presForm></idCitation><spatRpType><SpatRepTypCd Sync="TRUE" value="001"></SpatRepTypCd></spatRpType><dataExt><geoEle><GeoBndBox esriExtentType="native"><westBL Sync="TRUE">211837.191488</westBL><eastBL Sync="TRUE">785034.001831</eastBL><northBL Sync="TRUE">1625281.2491</northBL><southBL Sync="TRUE">1144269.12224</southBL><exTypeCode Sync="TRUE">1</exTypeCode></GeoBndBox></geoEle></dataExt></dataIdInfo><metainfo><langmeta Sync="TRUE">en</langmeta><metstdn Sync="TRUE">FGDC Content Standards for Digital Geospatial Metadata</metstdn><metstdv Sync="TRUE">FGDC-STD-001-1998</metstdv><mettc Sync="TRUE">local time</mettc><metextns><onlink Sync="TRUE">http://www.esri.com/metadata/esriprof80.html</onlink><metprof Sync="TRUE">ESRI Metadata Profile</metprof></metextns><metc><cntinfo><cntorgp><cntper>REQUIRED: The person responsible for the metadata information.</cntper><cntorg>REQUIRED: The organization responsible for the metadata information.</cntorg></cntorgp><cntaddr><addrtype>REQUIRED: The mailing and/or physical address for the organization or individual.</addrtype><city>REQUIRED: The city of the address.</city><state>REQUIRED: The state or province of the address.</state><postal>REQUIRED: The ZIP or other postal code of the address.</postal></cntaddr><cntvoice>REQUIRED: The telephone number by which individuals can speak to the organization or individual.</cntvoice></cntinfo></metc><metd Sync="TRUE">20120330</metd></metainfo><mdLang><languageCode Sync="TRUE" value="en"></languageCode></mdLang><mdStanName Sync="TRUE">ISO 19115 Geographic Information - Metadata</mdStanName><mdStanVer Sync="TRUE">DIS_ESRI1.0</mdStanVer><mdChar><CharSetCd Sync="TRUE" value="004"></CharSetCd></mdChar><mdHrLv><ScopeCd Sync="TRUE" value="005"></ScopeCd></mdHrLv><mdHrLvName Sync="TRUE">dataset</mdHrLvName><distinfo><resdesc Sync="TRUE">Downloadable Data</resdesc><stdorder><digform><digtinfo><transize Sync="TRUE">1.358</transize><dssize Sync="TRUE">1.358</dssize></digtinfo></digform></stdorder></distinfo><distInfo><distributor><distorTran><onLineSrc><orDesc Sync="TRUE">002</orDesc><linkage Sync="TRUE">file://</linkage><protocol Sync="TRUE">Local Area Network</protocol></onLineSrc><transSize Sync="TRUE">1.358</transSize></distorTran><distorFormat><formatName Sync="TRUE">Shapefile</formatName></distorFormat></distributor></distInfo><spdoinfo><direct Sync="TRUE">Vector</direct><ptvctinf><esriterm Name="Provinces_region"><efeatyp Sync="TRUE">Simple</efeatyp><efeageom Sync="TRUE">Polygon</efeageom><esritopo Sync="TRUE">FALSE</esritopo><efeacnt Sync="TRUE">24</efeacnt><spindex Sync="TRUE">FALSE</spindex><linrefer Sync="TRUE">FALSE</linrefer></esriterm><sdtsterm Name="Provinces_region"><sdtstype Sync="TRUE">G-polygon</sdtstype><ptvctcnt Sync="TRUE">24</ptvctcnt></sdtsterm></ptvctinf></spdoinfo><spatRepInfo><VectSpatRep><topLvl><TopoLevCd Sync="TRUE" value="001"></TopoLevCd></topLvl><geometObjs Name="Provinces_region"><geoObjTyp><GeoObjTypCd Sync="TRUE" value="001"></GeoObjTypCd></geoObjTyp><geoObjCnt Sync="TRUE">24</geoObjCnt></geometObjs></VectSpatRep></spatRepInfo><eainfo><detailed Name="Provinces_region"><enttyp><enttypl Sync="TRUE">Provinces_region</enttypl><enttypt Sync="TRUE">Feature Class</enttypt><enttypc Sync="TRUE">24</enttypc></enttyp><attr><attrlabl Sync="TRUE">FID</attrlabl><attalias Sync="TRUE">FID</attalias><attrtype Sync="TRUE">OID</attrtype><attwidth Sync="TRUE">4</attwidth><atprecis Sync="TRUE">0</atprecis><attscale Sync="TRUE">0</attscale><attrdef Sync="TRUE">Internal feature number.</attrdef><attrdefs Sync="TRUE">ESRI</attrdefs><attrdomv><udom Sync="TRUE">Sequential unique whole numbers that are automatically generated.</udom></attrdomv></attr><attr><attrlabl Sync="TRUE">Shape</attrlabl><attalias Sync="TRUE">Shape</attalias><attrtype Sync="TRUE">Geometry</attrtype><attwidth Sync="TRUE">0</attwidth><atprecis Sync="TRUE">0</atprecis><attscale Sync="TRUE">0</attscale><attrdef Sync="TRUE">Feature geometry.</attrdef><attrdefs Sync="TRUE">ESRI</attrdefs><attrdomv><udom Sync="TRUE">Coordinates defining the features.</udom></attrdomv></attr><attr><attrlabl Sync="TRUE">PROV_CODE</attrlabl><attalias Sync="TRUE">PROV_CODE</attalias><attrtype Sync="TRUE">String</attrtype><attwidth Sync="TRUE">2</attwidth></attr><attr><attrlabl Sync="TRUE">PROV_NAME</attrlabl><attalias Sync="TRUE">PROV_NAME</attalias><attrtype Sync="TRUE">String</attrtype><attwidth Sync="TRUE">30</attwidth></attr><attr><attrlabl Sync="TRUE">HH_TOT</attrlabl><attalias Sync="TRUE">HH_TOT</attalias><attrtype Sync="TRUE">Number</attrtype><attwidth Sync="TRUE">11</attwidth></attr><attr><attrlabl Sync="TRUE">HH_REG</attrlabl><attalias Sync="TRUE">HH_REG</attalias><attrtype Sync="TRUE">Number</attrtype><attwidth Sync="TRUE">11</attwidth></attr><attr><attrlabl Sync="TRUE">TOTPOP</attrlabl><attalias Sync="TRUE">TOTPOP</attalias><attrtype Sync="TRUE">Number</attrtype><attwidth Sync="TRUE">11</attwidth></attr><attr><attrlabl Sync="TRUE">MALES</attrlabl><attalias Sync="TRUE">MALES</attalias><attrtype Sync="TRUE">Number</attrtype><attwidth Sync="TRUE">11</attwidth></attr><attr><attrlabl Sync="TRUE">FEMALES</attrlabl><attalias Sync="TRUE">FEMALES</attalias><attrtype Sync="TRUE">Number</attrtype><attwidth Sync="TRUE">11</attwidth></attr><attr><attrlabl Sync="TRUE">DENSITY</attrlabl><attalias Sync="TRUE">DENSITY</attalias><attrtype Sync="TRUE">Number</attrtype><attwidth Sync="TRUE">9</attwidth><atnumdec Sync="TRUE">1</atnumdec></attr><attr><attrlabl Sync="TRUE">URBAN</attrlabl><attalias Sync="TRUE">URBAN</attalias><attrtype Sync="TRUE">Number</attrtype><attwidth Sync="TRUE">6</attwidth><atnumdec Sync="TRUE">2</atnumdec></attr><attr><attrlabl Sync="TRUE">FHEADS</attrlabl><attalias Sync="TRUE">FHEADS</attalias><attrtype Sync="TRUE">Number</attrtype><attwidth Sync="TRUE">4</attwidth><atnumdec Sync="TRUE">1</atnumdec></attr><attr><attrlabl Sync="TRUE">AVG_HS</attrlabl><attalias Sync="TRUE">AVG_HS</attalias><attrtype Sync="TRUE">Number</attrtype><attwidth Sync="TRUE">4</attwidth><atnumdec Sync="TRUE">1</atnumdec></attr><attr><attrlabl Sync="TRUE">SEXRATIO</attrlabl><attalias Sync="TRUE">SEXRATIO</attalias><attrtype Sync="TRUE">Number</attrtype><attwidth Sync="TRUE">5</attwidth><atnumdec Sync="TRUE">1</atnumdec></attr><attr><attrlabl Sync="TRUE">MALBL15</attrlabl><attalias Sync="TRUE">MALBL15</attalias><attrtype Sync="TRUE">Number</attrtype><attwidth Sync="TRUE">11</attwidth></attr><attr><attrlabl Sync="TRUE">MAL1019</attrlabl><attalias Sync="TRUE">MAL1019</attalias><attrtype Sync="TRUE">Number</attrtype><attwidth Sync="TRUE">11</attwidth></attr><attr><attrlabl Sync="TRUE">MAL1564</attrlabl><attalias Sync="TRUE">MAL1564</attalias><attrtype Sync="TRUE">Number</attrtype><attwidth Sync="TRUE">11</attwidth></attr><attr><attrlabl Sync="TRUE">MAL65OV</attrlabl><attalias Sync="TRUE">MAL65OV</attalias><attrtype Sync="TRUE">Number</attrtype><attwidth Sync="TRUE">11</attwidth></attr><attr><attrlabl Sync="TRUE">FEMBL15</attrlabl><attalias Sync="TRUE">FEMBL15</attalias><attrtype Sync="TRUE">Number</attrtype><attwidth Sync="TRUE">11</attwidth></attr><attr><attrlabl Sync="TRUE">FEM1019</attrlabl><attalias Sync="TRUE">FEM1019</attalias><attrtype Sync="TRUE">Number</attrtype><attwidth Sync="TRUE">11</attwidth></attr><attr><attrlabl Sync="TRUE">FEM1564</attrlabl><attalias Sync="TRUE">FEM1564</attalias><attrtype Sync="TRUE">Number</attrtype><attwidth Sync="TRUE">11</attwidth></attr><attr><attrlabl Sync="TRUE">FEM65OV</attrlabl><attalias Sync="TRUE">FEM65OV</attalias><attrtype Sync="TRUE">Number</attrtype><attwidth Sync="TRUE">11</attwidth></attr><attr><attrlabl Sync="TRUE">POPBL15</attrlabl><attalias Sync="TRUE">POPBL15</attalias><attrtype Sync="TRUE">Number</attrtype><attwidth Sync="TRUE">11</attwidth></attr><attr><attrlabl Sync="TRUE">POP1019</attrlabl><attalias Sync="TRUE">POP1019</attalias><attrtype Sync="TRUE">Number</attrtype><attwidth Sync="TRUE">11</attwidth></attr><attr><attrlabl Sync="TRUE">POP1564</attrlabl><attalias Sync="TRUE">POP1564</attalias><attrtype Sync="TRUE">Number</attrtype><attwidth Sync="TRUE">11</attwidth></attr><attr><attrlabl Sync="TRUE">POP65OV</attrlabl><attalias Sync="TRUE">POP65OV</attalias><attrtype Sync="TRUE">Number</attrtype><attwidth Sync="TRUE">11</attwidth></attr><attr><attrlabl Sync="TRUE">FEM1549</attrlabl><attalias Sync="TRUE">FEM1549</attalias><attrtype Sync="TRUE">Number</attrtype><attwidth Sync="TRUE">11</attwidth></attr><attr><attrlabl Sync="TRUE">TOTMED</attrlabl><attalias Sync="TRUE">TOTMED</attalias><attrtype Sync="TRUE">Number</attrtype><attwidth Sync="TRUE">4</attwidth><atnumdec Sync="TRUE">1</atnumdec></attr><attr><attrlabl Sync="TRUE">MALMED</attrlabl><attalias Sync="TRUE">MALMED</attalias><attrtype Sync="TRUE">Number</attrtype><attwidth Sync="TRUE">4</attwidth><atnumdec Sync="TRUE">1</atnumdec></attr><attr><attrlabl Sync="TRUE">FEMMED</attrlabl><attalias Sync="TRUE">FEMMED</attalias><attrtype Sync="TRUE">Number</attrtype><attwidth Sync="TRUE">4</attwidth><atnumdec Sync="TRUE">1</atnumdec></attr><attr><attrlabl Sync="TRUE">DEPENDENCY</attrlabl><attalias Sync="TRUE">DEPENDENCY</attalias><attrtype Sync="TRUE">Number</attrtype><attwidth Sync="TRUE">5</attwidth><atnumdec Sync="TRUE">1</atnumdec></attr><attr><attrlabl Sync="TRUE">CW_RATIO</attrlabl><attalias Sync="TRUE">CW_RATIO</attalias><attrtype Sync="TRUE">Number</attrtype><attwidth Sync="TRUE">6</attwidth><atnumdec Sync="TRUE">1</atnumdec></attr><attr><attrlabl Sync="TRUE">BUDDHIST</attrlabl><attalias Sync="TRUE">BUDDHIST</attalias><attrtype Sync="TRUE">Number</attrtype><attwidth Sync="TRUE">11</attwidth></attr><attr><attrlabl Sync="TRUE">MUSLIM</attrlabl><attalias Sync="TRUE">MUSLIM</attalias><attrtype Sync="TRUE">Number</attrtype><attwidth Sync="TRUE">11</attwidth></attr><attr><attrlabl Sync="TRUE">CHRISTIAN</attrlabl><attalias Sync="TRUE">CHRISTIAN</attalias><attrtype Sync="TRUE">Number</attrtype><attwidth Sync="TRUE">11</attwidth></attr><attr><attrlabl Sync="TRUE">OTH_REL</attrlabl><attalias Sync="TRUE">OTH_REL</attalias><attrtype Sync="TRUE">Number</attrtype><attwidth Sync="TRUE">11</attwidth></attr><attr><attrlabl Sync="TRUE">SMAM_T</attrlabl><attalias Sync="TRUE">SMAM_T</attalias><attrtype Sync="TRUE">Number</attrtype><attwidth Sync="TRUE">4</attwidth><atnumdec Sync="TRUE">1</atnumdec></attr><attr><attrlabl Sync="TRUE">SMAM_M</attrlabl><attalias Sync="TRUE">SMAM_M</attalias><attrtype Sync="TRUE">Number</attrtype><attwidth Sync="TRUE">4</attwidth><atnumdec Sync="TRUE">1</atnumdec></attr><attr><attrlabl Sync="TRUE">SMAM_F</attrlabl><attalias Sync="TRUE">SMAM_F</attalias><attrtype Sync="TRUE">Number</attrtype><attwidth Sync="TRUE">4</attwidth><atnumdec Sync="TRUE">1</atnumdec></attr><attr><attrlabl Sync="TRUE">T_NEVMAR</attrlabl><attalias Sync="TRUE">T_NEVMAR</attalias><attrtype Sync="TRUE">Number</attrtype><attwidth Sync="TRUE">4</attwidth><atnumdec Sync="TRUE">1</atnumdec></attr><attr><attrlabl Sync="TRUE">T_MARRIED</attrlabl><attalias Sync="TRUE">T_MARRIED</attalias><attrtype Sync="TRUE">Number</attrtype><attwidth Sync="TRUE">4</attwidth><atnumdec Sync="TRUE">1</atnumdec></attr><attr><attrlabl Sync="TRUE">T_WIDOW</attrlabl><attalias Sync="TRUE">T_WIDOW</attalias><attrtype Sync="TRUE">Number</attrtype><attwidth Sync="TRUE">4</attwidth><atnumdec Sync="TRUE">1</atnumdec></attr><attr><attrlabl Sync="TRUE">T_DIVSEP</attrlabl><attalias Sync="TRUE">T_DIVSEP</attalias><attrtype Sync="TRUE">Number</attrtype><attwidth Sync="TRUE">4</attwidth><atnumdec Sync="TRUE">1</atnumdec></attr><attr><attrlabl Sync="TRUE">M_NEVMAR</attrlabl><attalias Sync="TRUE">M_NEVMAR</attalias><attrtype Sync="TRUE">Number</attrtype><attwidth Sync="TRUE">4</attwidth><atnumdec Sync="TRUE">1</atnumdec></attr><attr><attrlabl Sync="TRUE">M_MARRIED</attrlabl><attalias Sync="TRUE">M_MARRIED</attalias><attrtype Sync="TRUE">Number</attrtype><attwidth Sync="TRUE">4</attwidth><atnumdec Sync="TRUE">1</atnumdec></attr><attr><attrlabl Sync="TRUE">M_WIDOW</attrlabl><attalias Sync="TRUE">M_WIDOW</attalias><attrtype Sync="TRUE">Number</attrtype><attwidth Sync="TRUE">4</attwidth><atnumdec Sync="TRUE">1</atnumdec></attr><attr><attrlabl Sync="TRUE">M_DIVSEP</attrlabl><attalias Sync="TRUE">M_DIVSEP</attalias><attrtype Sync="TRUE">Number</attrtype><attwidth Sync="TRUE">4</attwidth><atnumdec Sync="TRUE">1</atnumdec></attr><attr><attrlabl Sync="TRUE">F_NEVMAR</attrlabl><attalias Sync="TRUE">F_NEVMAR</attalias><attrtype Sync="TRUE">Number</attrtype><attwidth Sync="TRUE">4</attwidth><atnumdec Sync="TRUE">1</atnumdec></attr><attr><attrlabl Sync="TRUE">F_MARRIED</attrlabl><attalias Sync="TRUE">F_MARRIED</attalias><attrtype Sync="TRUE">Number</attrtype><attwidth Sync="TRUE">4</attwidth><atnumdec Sync="TRUE">1</atnumdec></attr><attr><attrlabl Sync="TRUE">F_WIDOW</attrlabl><attalias Sync="TRUE">F_WIDOW</attalias><attrtype Sync="TRUE">Number</attrtype><attwidth Sync="TRUE">4</attwidth><atnumdec Sync="TRUE">1</atnumdec></attr><attr><attrlabl Sync="TRUE">F_DIVSEP</attrlabl><attalias Sync="TRUE">F_DIVSEP</attalias><attrtype Sync="TRUE">Number</attrtype><attwidth Sync="TRUE">4</attwidth><atnumdec Sync="TRUE">1</atnumdec></attr><attr><attrlabl Sync="TRUE">T_LIT15</attrlabl><attalias Sync="TRUE">T_LIT15</attalias><attrtype Sync="TRUE">Number</attrtype><attwidth Sync="TRUE">6</attwidth><atnumdec Sync="TRUE">2</atnumdec></attr><attr><attrlabl Sync="TRUE">M_LIT15</attrlabl><attalias Sync="TRUE">M_LIT15</attalias><attrtype Sync="TRUE">Number</attrtype><attwidth Sync="TRUE">6</attwidth><atnumdec Sync="TRUE">2</atnumdec></attr><attr><attrlabl Sync="TRUE">F_LIT15</attrlabl><attalias Sync="TRUE">F_LIT15</attalias><attrtype Sync="TRUE">Number</attrtype><attwidth Sync="TRUE">6</attwidth><atnumdec Sync="TRUE">2</atnumdec></attr><attr><attrlabl Sync="TRUE">T_ATTEND</attrlabl><attalias Sync="TRUE">T_ATTEND</attalias><attrtype Sync="TRUE">Number</attrtype><attwidth Sync="TRUE">6</attwidth><atnumdec Sync="TRUE">2</atnumdec></attr><attr><attrlabl Sync="TRUE">M_ATTEND</attrlabl><attalias Sync="TRUE">M_ATTEND</attalias><attrtype Sync="TRUE">Number</attrtype><attwidth Sync="TRUE">6</attwidth><atnumdec Sync="TRUE">2</atnumdec></attr><attr><attrlabl Sync="TRUE">F_ATTEND</attrlabl><attalias Sync="TRUE">F_ATTEND</attalias><attrtype Sync="TRUE">Number</attrtype><attwidth Sync="TRUE">6</attwidth><atnumdec Sync="TRUE">2</atnumdec></attr><attr><attrlabl Sync="TRUE">M_NOEDUC</attrlabl><attalias Sync="TRUE">M_NOEDUC</attalias><attrtype Sync="TRUE">Number</attrtype><attwidth Sync="TRUE">11</attwidth></attr><attr><attrlabl Sync="TRUE">M_PNC</attrlabl><attalias Sync="TRUE">M_PNC</attalias><attrtype Sync="TRUE">Number</attrtype><attwidth Sync="TRUE">11</attwidth></attr><attr><attrlabl Sync="TRUE">M_PRIM</attrlabl><attalias Sync="TRUE">M_PRIM</attalias><attrtype Sync="TRUE">Number</attrtype><attwidth Sync="TRUE">11</attwidth></attr><attr><attrlabl Sync="TRUE">M_LOWSEC</attrlabl><attalias Sync="TRUE">M_LOWSEC</attalias><attrtype Sync="TRUE">Number</attrtype><attwidth Sync="TRUE">11</attwidth></attr><attr><attrlabl Sync="TRUE">M_SEC</attrlabl><attalias Sync="TRUE">M_SEC</attalias><attrtype Sync="TRUE">Number</attrtype><attwidth Sync="TRUE">11</attwidth></attr><attr><attrlabl Sync="TRUE">M_HIGH</attrlabl><attalias Sync="TRUE">M_HIGH</attalias><attrtype Sync="TRUE">Number</attrtype><attwidth Sync="TRUE">11</attwidth></attr><attr><attrlabl Sync="TRUE">F_NOEDUC</attrlabl><attalias Sync="TRUE">F_NOEDUC</attalias><attrtype Sync="TRUE">Number</attrtype><attwidth Sync="TRUE">11</attwidth></attr><attr><attrlabl Sync="TRUE">F_PNC</attrlabl><attalias Sync="TRUE">F_PNC</attalias><attrtype Sync="TRUE">Number</attrtype><attwidth Sync="TRUE">11</attwidth></attr><attr><attrlabl Sync="TRUE">F_PRIM</attrlabl><attalias Sync="TRUE">F_PRIM</attalias><attrtype Sync="TRUE">Number</attrtype><attwidth Sync="TRUE">11</attwidth></attr><attr><attrlabl Sync="TRUE">F_LOWSEC</attrlabl><attalias Sync="TRUE">F_LOWSEC</attalias><attrtype Sync="TRUE">Number</attrtype><attwidth Sync="TRUE">11</attwidth></attr><attr><attrlabl Sync="TRUE">F_SEC</attrlabl><attalias Sync="TRUE">F_SEC</attalias><attrtype Sync="TRUE">Number</attrtype><attwidth Sync="TRUE">11</attwidth></attr><attr><attrlabl Sync="TRUE">F_HIGH</attrlabl><attalias Sync="TRUE">F_HIGH</attalias><attrtype Sync="TRUE">Number</attrtype><attwidth Sync="TRUE">11</attwidth></attr><attr><attrlabl Sync="TRUE">M25_NO</attrlabl><attalias Sync="TRUE">M25_NO</attalias><attrtype Sync="TRUE">Number</attrtype><attwidth Sync="TRUE">11</attwidth></attr><attr><attrlabl Sync="TRUE">M25_PNC</attrlabl><attalias Sync="TRUE">M25_PNC</attalias><attrtype Sync="TRUE">Number</attrtype><attwidth Sync="TRUE">11</attwidth></attr><attr><attrlabl Sync="TRUE">M25_PRIM</attrlabl><attalias Sync="TRUE">M25_PRIM</attalias><attrtype Sync="TRUE">Number</attrtype><attwidth Sync="TRUE">11</attwidth></attr><attr><attrlabl Sync="TRUE">M25_LS</attrlabl><attalias Sync="TRUE">M25_LS</attalias><attrtype Sync="TRUE">Number</attrtype><attwidth Sync="TRUE">11</attwidth></attr><attr><attrlabl Sync="TRUE">M25_SEC</attrlabl><attalias Sync="TRUE">M25_SEC</attalias><attrtype Sync="TRUE">Number</attrtype><attwidth Sync="TRUE">11</attwidth></attr><attr><attrlabl Sync="TRUE">M25_HIGH</attrlabl><attalias Sync="TRUE">M25_HIGH</attalias><attrtype Sync="TRUE">Number</attrtype><attwidth Sync="TRUE">11</attwidth></attr><attr><attrlabl Sync="TRUE">F25_NO</attrlabl><attalias Sync="TRUE">F25_NO</attalias><attrtype Sync="TRUE">Number</attrtype><attwidth Sync="TRUE">11</attwidth></attr><attr><attrlabl Sync="TRUE">F25_PNC</attrlabl><attalias Sync="TRUE">F25_PNC</attalias><attrtype Sync="TRUE">Number</attrtype><attwidth Sync="TRUE">11</attwidth></attr><attr><attrlabl Sync="TRUE">F25_PRIM</attrlabl><attalias Sync="TRUE">F25_PRIM</attalias><attrtype Sync="TRUE">Number</attrtype><attwidth Sync="TRUE">11</attwidth></attr><attr><attrlabl Sync="TRUE">F25_LS</attrlabl><attalias Sync="TRUE">F25_LS</attalias><attrtype Sync="TRUE">Number</attrtype><attwidth Sync="TRUE">11</attwidth></attr><attr><attrlabl Sync="TRUE">F25_SEC</attrlabl><attalias Sync="TRUE">F25_SEC</attalias><attrtype Sync="TRUE">Number</attrtype><attwidth Sync="TRUE">11</attwidth></attr><attr><attrlabl Sync="TRUE">F25_HIGH</attrlabl><attalias Sync="TRUE">F25_HIGH</attalias><attrtype Sync="TRUE">Number</attrtype><attwidth Sync="TRUE">11</attwidth></attr><attr><attrlabl Sync="TRUE">M_SEE</attrlabl><attalias Sync="TRUE">M_SEE</attalias><attrtype Sync="TRUE">Number</attrtype><attwidth Sync="TRUE">11</attwidth></attr><attr><attrlabl Sync="TRUE">M_SPEAK</attrlabl><attalias Sync="TRUE">M_SPEAK</attalias><attrtype Sync="TRUE">Number</attrtype><attwidth Sync="TRUE">11</attwidth></attr><attr><attrlabl Sync="TRUE">M_HEAR</attrlabl><attalias Sync="TRUE">M_HEAR</attalias><attrtype Sync="TRUE">Number</attrtype><attwidth Sync="TRUE">11</attwidth></attr><attr><attrlabl Sync="TRUE">M_MOVE</attrlabl><attalias Sync="TRUE">M_MOVE</attalias><attrtype Sync="TRUE">Number</attrtype><attwidth Sync="TRUE">11</attwidth></attr><attr><attrlabl Sync="TRUE">M_MENTAL</attrlabl><attalias Sync="TRUE">M_MENTAL</attalias><attrtype Sync="TRUE">Number</attrtype><attwidth Sync="TRUE">11</attwidth></attr><attr><attrlabl Sync="TRUE">F_SEE</attrlabl><attalias Sync="TRUE">F_SEE</attalias><attrtype Sync="TRUE">Number</attrtype><attwidth Sync="TRUE">11</attwidth></attr><attr><attrlabl Sync="TRUE">F_SPEAK</attrlabl><attalias Sync="TRUE">F_SPEAK</attalias><attrtype Sync="TRUE">Number</attrtype><attwidth Sync="TRUE">11</attwidth></attr><attr><attrlabl Sync="TRUE">F_HEAR</attrlabl><attalias Sync="TRUE">F_HEAR</attalias><attrtype Sync="TRUE">Number</attrtype><attwidth Sync="TRUE">11</attwidth></attr><attr><attrlabl Sync="TRUE">F_MOVE</attrlabl><attalias Sync="TRUE">F_MOVE</attalias><attrtype Sync="TRUE">Number</attrtype><attwidth Sync="TRUE">11</attwidth></attr><attr><attrlabl Sync="TRUE">F_MENTAL</attrlabl><attalias Sync="TRUE">F_MENTAL</attalias><attrtype Sync="TRUE">Number</attrtype><attwidth Sync="TRUE">11</attwidth></attr><attr><attrlabl Sync="TRUE">T_ACTIVE</attrlabl><attalias Sync="TRUE">T_ACTIVE</attalias><attrtype Sync="TRUE">Number</attrtype><attwidth Sync="TRUE">6</attwidth><atnumdec Sync="TRUE">2</atnumdec></attr><attr><attrlabl Sync="TRUE">M_ACTIVE</attrlabl><attalias Sync="TRUE">M_ACTIVE</attalias><attrtype Sync="TRUE">Number</attrtype><attwidth Sync="TRUE">6</attwidth><atnumdec Sync="TRUE">2</atnumdec></attr><attr><attrlabl Sync="TRUE">F_ACTIVE</attrlabl><attalias Sync="TRUE">F_ACTIVE</attalias><attrtype Sync="TRUE">Number</attrtype><attwidth Sync="TRUE">6</attwidth><atnumdec Sync="TRUE">2</atnumdec></attr><attr><attrlabl Sync="TRUE">T_PRIMSEC</attrlabl><attalias Sync="TRUE">T_PRIMSEC</attalias><attrtype Sync="TRUE">Number</attrtype><attwidth Sync="TRUE">6</attwidth><atnumdec Sync="TRUE">2</atnumdec></attr><attr><attrlabl Sync="TRUE">T_SECSEC</attrlabl><attalias Sync="TRUE">T_SECSEC</attalias><attrtype Sync="TRUE">Number</attrtype><attwidth Sync="TRUE">6</attwidth><atnumdec Sync="TRUE">2</atnumdec></attr><attr><attrlabl Sync="TRUE">T_TERSEC</attrlabl><attalias Sync="TRUE">T_TERSEC</attalias><attrtype Sync="TRUE">Number</attrtype><attwidth Sync="TRUE">6</attwidth><atnumdec Sync="TRUE">2</atnumdec></attr><attr><attrlabl Sync="TRUE">M_PRIMSEC</attrlabl><attalias Sync="TRUE">M_PRIMSEC</attalias><attrtype Sync="TRUE">Number</attrtype><attwidth Sync="TRUE">6</attwidth><atnumdec Sync="TRUE">2</atnumdec></attr><attr><attrlabl Sync="TRUE">M_SECSEC</attrlabl><attalias Sync="TRUE">M_SECSEC</attalias><attrtype Sync="TRUE">Number</attrtype><attwidth Sync="TRUE">6</attwidth><atnumdec Sync="TRUE">2</atnumdec></attr><attr><attrlabl Sync="TRUE">M_TERSEC</attrlabl><attalias Sync="TRUE">M_TERSEC</attalias><attrtype Sync="TRUE">Number</attrtype><attwidth Sync="TRUE">6</attwidth><atnumdec Sync="TRUE">2</atnumdec></attr><attr><attrlabl Sync="TRUE">F_PRIMSEC</attrlabl><attalias Sync="TRUE">F_PRIMSEC</attalias><attrtype Sync="TRUE">Number</attrtype><attwidth Sync="TRUE">6</attwidth><atnumdec Sync="TRUE">2</atnumdec></attr><attr><attrlabl Sync="TRUE">F_SECSEC</attrlabl><attalias Sync="TRUE">F_SECSEC</attalias><attrtype Sync="TRUE">Number</attrtype><attwidth Sync="TRUE">6</attwidth><atnumdec Sync="TRUE">2</atnumdec></attr><attr><attrlabl Sync="TRUE">F_TERSEC</attrlabl><attalias Sync="TRUE">F_TERSEC</attalias><attrtype Sync="TRUE">Number</attrtype><attwidth Sync="TRUE">6</attwidth><atnumdec Sync="TRUE">2</atnumdec></attr><attr><attrlabl Sync="TRUE">T_UER</attrlabl><attalias Sync="TRUE">T_UER</attalias><attrtype Sync="TRUE">Number</attrtype><attwidth Sync="TRUE">6</attwidth><atnumdec Sync="TRUE">2</atnumdec></attr><attr><attrlabl Sync="TRUE">M_UER</attrlabl><attalias Sync="TRUE">M_UER</attalias><attrtype Sync="TRUE">Number</attrtype><attwidth Sync="TRUE">6</attwidth><atnumdec Sync="TRUE">2</atnumdec></attr><attr><attrlabl Sync="TRUE">F_UER</attrlabl><attalias Sync="TRUE">F_UER</attalias><attrtype Sync="TRUE">Number</attrtype><attwidth Sync="TRUE">6</attwidth><atnumdec Sync="TRUE">2</atnumdec></attr><attr><attrlabl Sync="TRUE">D_OWN</attrlabl><attalias Sync="TRUE">D_OWN</attalias><attrtype Sync="TRUE">Number</attrtype><attwidth Sync="TRUE">11</attwidth></attr><attr><attrlabl Sync="TRUE">D_RENT</attrlabl><attalias Sync="TRUE">D_RENT</attalias><attrtype Sync="TRUE">Number</attrtype><attwidth Sync="TRUE">11</attwidth></attr><attr><attrlabl Sync="TRUE">D_FREE</attrlabl><attalias Sync="TRUE">D_FREE</attalias><attrtype Sync="TRUE">Number</attrtype><attwidth Sync="TRUE">11</attwidth></attr><attr><attrlabl Sync="TRUE">D_OTH</attrlabl><attalias Sync="TRUE">D_OTH</attalias><attrtype Sync="TRUE">Number</attrtype><attwidth Sync="TRUE">11</attwidth></attr><attr><attrlabl Sync="TRUE">L_CITY</attrlabl><attalias Sync="TRUE">L_CITY</attalias><attrtype Sync="TRUE">Number</attrtype><attwidth Sync="TRUE">11</attwidth></attr><attr><attrlabl Sync="TRUE">L_GEN</attrlabl><attalias Sync="TRUE">L_GEN</attalias><attrtype Sync="TRUE">Number</attrtype><attwidth Sync="TRUE">11</attwidth></attr><attr><attrlabl Sync="TRUE">L_CG</attrlabl><attalias Sync="TRUE">L_CG</attalias><attrtype Sync="TRUE">Number</attrtype><attwidth Sync="TRUE">11</attwidth></attr><attr><attrlabl Sync="TRUE">L_KERO</attrlabl><attalias Sync="TRUE">L_KERO</attalias><attrtype Sync="TRUE">Number</attrtype><attwidth Sync="TRUE">11</attwidth></attr><attr><attrlabl Sync="TRUE">L_CAND</attrlabl><attalias Sync="TRUE">L_CAND</attalias><attrtype Sync="TRUE">Number</attrtype><attwidth Sync="TRUE">11</attwidth></attr><attr><attrlabl Sync="TRUE">L_BATT</attrlabl><attalias Sync="TRUE">L_BATT</attalias><attrtype Sync="TRUE">Number</attrtype><attwidth Sync="TRUE">11</attwidth></attr><attr><attrlabl Sync="TRUE">L_OTH</attrlabl><attalias Sync="TRUE">L_OTH</attalias><attrtype Sync="TRUE">Number</attrtype><attwidth Sync="TRUE">11</attwidth></attr><attr><attrlabl Sync="TRUE">F_FIRE</attrlabl><attalias Sync="TRUE">F_FIRE</attalias><attrtype Sync="TRUE">Number</attrtype><attwidth Sync="TRUE">11</attwidth></attr><attr><attrlabl Sync="TRUE">F_CHAR</attrlabl><attalias Sync="TRUE">F_CHAR</attalias><attrtype Sync="TRUE">Number</attrtype><attwidth Sync="TRUE">11</attwidth></attr><attr><attrlabl Sync="TRUE">F_KEROS</attrlabl><attalias Sync="TRUE">F_KEROS</attalias><attrtype Sync="TRUE">Number</attrtype><attwidth Sync="TRUE">11</attwidth></attr><attr><attrlabl Sync="TRUE">F_LPG</attrlabl><attalias Sync="TRUE">F_LPG</attalias><attrtype Sync="TRUE">Number</attrtype><attwidth Sync="TRUE">11</attwidth></attr><attr><attrlabl Sync="TRUE">F_ELEC</attrlabl><attalias Sync="TRUE">F_ELEC</attalias><attrtype Sync="TRUE">Number</attrtype><attwidth Sync="TRUE">11</attwidth></attr><attr><attrlabl Sync="TRUE">F_NONE</attrlabl><attalias Sync="TRUE">F_NONE</attalias><attrtype Sync="TRUE">Number</attrtype><attwidth Sync="TRUE">11</attwidth></attr><attr><attrlabl Sync="TRUE">F_OTH</attrlabl><attalias Sync="TRUE">F_OTH</attalias><attrtype Sync="TRUE">Number</attrtype><attwidth Sync="TRUE">11</attwidth></attr><attr><attrlabl Sync="TRUE">T_NOT</attrlabl><attalias Sync="TRUE">T_NOT</attalias><attrtype Sync="TRUE">Number</attrtype><attwidth Sync="TRUE">11</attwidth></attr><attr><attrlabl Sync="TRUE">T_SEW</attrlabl><attalias Sync="TRUE">T_SEW</attalias><attrtype Sync="TRUE">Number</attrtype><attwidth Sync="TRUE">11</attwidth></attr><attr><attrlabl Sync="TRUE">T_SEP</attrlabl><attalias Sync="TRUE">T_SEP</attalias><attrtype Sync="TRUE">Number</attrtype><attwidth Sync="TRUE">11</attwidth></attr><attr><attrlabl Sync="TRUE">T_PIT</attrlabl><attalias Sync="TRUE">T_PIT</attalias><attrtype Sync="TRUE">Number</attrtype><attwidth Sync="TRUE">11</attwidth></attr><attr><attrlabl Sync="TRUE">T_OTH</attrlabl><attalias Sync="TRUE">T_OTH</attalias><attrtype Sync="TRUE">Number</attrtype><attwidth Sync="TRUE">11</attwidth></attr><attr><attrlabl Sync="TRUE">W_PIPED</attrlabl><attalias Sync="TRUE">W_PIPED</attalias><attrtype Sync="TRUE">Number</attrtype><attwidth Sync="TRUE">11</attwidth></attr><attr><attrlabl Sync="TRUE">W_TUBED</attrlabl><attalias Sync="TRUE">W_TUBED</attalias><attrtype Sync="TRUE">Number</attrtype><attwidth Sync="TRUE">11</attwidth></attr><attr><attrlabl Sync="TRUE">W_PROTECT</attrlabl><attalias Sync="TRUE">W_PROTECT</attalias><attrtype Sync="TRUE">Number</attrtype><attwidth Sync="TRUE">11</attwidth></attr><attr><attrlabl Sync="TRUE">W_UNPROT</attrlabl><attalias Sync="TRUE">W_UNPROT</attalias><attrtype Sync="TRUE">Number</attrtype><attwidth Sync="TRUE">11</attwidth></attr><attr><attrlabl Sync="TRUE">W_RAIN</attrlabl><attalias Sync="TRUE">W_RAIN</attalias><attrtype Sync="TRUE">Number</attrtype><attwidth Sync="TRUE">11</attwidth></attr><attr><attrlabl Sync="TRUE">W_SPRING</attrlabl><attalias Sync="TRUE">W_SPRING</attalias><attrtype Sync="TRUE">Number</attrtype><attwidth Sync="TRUE">11</attwidth></attr><attr><attrlabl Sync="TRUE">W_BOUGHT</attrlabl><attalias Sync="TRUE">W_BOUGHT</attalias><attrtype Sync="TRUE">Number</attrtype><attwidth Sync="TRUE">11</attwidth></attr><attr><attrlabl Sync="TRUE">W_OTHER</attrlabl><attalias Sync="TRUE">W_OTHER</attalias><attrtype Sync="TRUE">Number</attrtype><attwidth Sync="TRUE">11</attwidth></attr><attr><attrlabl Sync="TRUE">WL_WITHIN</attrlabl><attalias Sync="TRUE">WL_WITHIN</attalias><attrtype Sync="TRUE">Number</attrtype><attwidth Sync="TRUE">11</attwidth></attr><attr><attrlabl Sync="TRUE">WL_NEAR</attrlabl><attalias Sync="TRUE">WL_NEAR</attalias><attrtype Sync="TRUE">Number</attrtype><attwidth Sync="TRUE">11</attwidth></attr><attr><attrlabl Sync="TRUE">WL_AWAY</attrlabl><attalias Sync="TRUE">WL_AWAY</attalias><attrtype Sync="TRUE">Number</attrtype><attwidth Sync="TRUE">11</attwidth></attr><attr><attrlabl Sync="TRUE">AREA</attrlabl><attalias Sync="TRUE">AREA</attalias><attrtype Sync="TRUE">Number</attrtype><attwidth Sync="TRUE">31</attwidth><atnumdec Sync="TRUE">15</atnumdec></attr></detailed></eainfo><mdDateSt Sync="TRUE">20120330</mdDateSt><dataqual><lineage><procstep><procdesc Sync="TRUE">Dataset copied.</procdesc><srcused Sync="TRUE">O:\Data Sets\Census 2008 (CDs)\2008 Census Map Layers and Databases\Shape File layers\Provinces_region</srcused><procdate Sync="TRUE">20120330</procdate><proctime Sync="TRUE">15460300</proctime></procstep><procstep><procdesc Sync="TRUE">Dataset copied.</procdesc><srcused Sync="TRUE"></srcused><procdate Sync="TRUE">20120330</procdate><proctime Sync="TRUE">15471800</proctime></procstep><procstep><procdesc Sync="TRUE">Dataset copied.</procdesc><srcused Sync="TRUE"></srcused><procdate Sync="TRUE">20120402</procdate><proctime Sync="TRUE">08534100</proctime></procstep></lineage></dataqual></metadata>
