<?xml version="1.0"?>
<!--<!DOCTYPE metadata SYSTEM "http://www.esri.com/metadata/esriprof80.dtd">-->
<metadata xml:lang="en"><Esri><MetaID>{312668FF-8C34-4929-93BA-2101A505DE2C}</MetaID><CreaDate>20131008</CreaDate><CreaTime>08415100</CreaTime><SyncOnce>TRUE</SyncOnce></Esri><idinfo><citation><citeinfo><onlink Sync="TRUE">\\USER-PC\G$\CamAtlas2012\ODC_QGIS\Vector\Raster\CamGeorel.tif</onlink></citeinfo></citation></idinfo><distInfo><distributor><distorTran><onLineSrc><linkage Sync="TRUE">file://\\USER-PC\G$\CamAtlas2012\ODC_QGIS\Vector\Raster\CamGeorel.tif</linkage><protocol Sync="TRUE">Local Area Network</protocol></onLineSrc></distorTran></distributor></distInfo><dataqual><lineage><procstep><procdesc Sync="TRUE">Dataset moved.</procdesc><srcused Sync="TRUE">G:\CamAtlas2012\ODC_QGIS\Raster\CamGeorel.tif</srcused><procdate Sync="TRUE">20131008</procdate><proctime Sync="TRUE">08415100</proctime></procstep></lineage></dataqual></metadata>
