<?xml version="1.0"?>
<!--<!DOCTYPE metadata SYSTEM "http://www.esri.com/metadata/esriprof80.dtd">-->
<metadata xml:lang="en"><Esri><MetaID>{D35A74DF-44DD-4A8E-AA8A-CA8205709CBA}</MetaID><CreaDate>20130919</CreaDate><CreaTime>16142400</CreaTime><SyncOnce>TRUE</SyncOnce></Esri><idinfo><citation><citeinfo><onlink Sync="TRUE">\\USER-PC\G$\CamAtlas2012\ODC_QGIS\Vector\Raster\Relocation hotspot.tif</onlink></citeinfo></citation></idinfo><distInfo><distributor><distorTran><onLineSrc><linkage Sync="TRUE">file://\\USER-PC\G$\CamAtlas2012\ODC_QGIS\Vector\Raster\Relocation hotspot.tif</linkage><protocol Sync="TRUE">Local Area Network</protocol></onLineSrc></distorTran></distributor></distInfo><dataqual><lineage><procstep><procdesc Sync="TRUE">Dataset moved.</procdesc><srcused Sync="TRUE">G:\CamAtlas2012\ODC_QGIS\Relocation hotspot.tif</srcused><procdate Sync="TRUE">20130919</procdate><proctime Sync="TRUE">16142400</proctime></procstep><procstep><procdesc Sync="TRUE">Dataset moved.</procdesc><srcused Sync="TRUE">G:\CamAtlas2012\ODC_QGIS\Raster\Relocation hotspot.tif</srcused><procdate Sync="TRUE">20131008</procdate><proctime Sync="TRUE">08421500</proctime></procstep></lineage></dataqual></metadata>
